Navn,Nationalitet,År,Note,Kolonne1
Andrew John,GB,1974,,
Davie Craig,SCO,1974,,
Bill Wallach,CAN,1974,,
Solaris,DK,1974,,
Jens Christensen,DK,1974,,
Peter Møller,DK,1974,,
Rod Sinclair,SCO,1974,,
Jørgen og Erik,DK,1974,,
Rod Sinclair,SCO,1974,,
Fætter Dun,DK,1974,,
Solaris,DK,1974,,
Harmonikalarven,DK,1974,,
Benny Holst & Arne Würgler,DK,1974,,
Slesvigske Fodregiments Musikkorps,DK,1975,,
Brugsjazz,DK,1975,,
Treenighedens Drengekor,DK,1975,,
Hotcha,DK,1975,,
Radisserne,DK,1975,,
Paddy Doyles,DK,1975,,
Alex Campbell,SCO,1975,,
Kontraband,SCO,1975,,
,IRL,1975,,
,DK,1975,,
Solaris,DK,1975,,
Van Dango,DK,1975,,
Andreas & John,DK,1975,,
Taurus,DK,1975,,
Alrune Rod,DK,1975,,
Græshopperne,DK,1975,,
Leonardo Pedersen’s Jazzkapel,DK,1975,,
Grethe Thordal,DK,1975,,
Omega,DK,1975,,
Teatergruppen ”Møllen”,DK,1975,,
Slesvigske Fodregiments Musikkorps,DK,1976,,
Inter City Seven,DK,1976,,
Alex Campbell,SCO,1976,,
De Gyldne Løver,DK,1976,,
High Speed Grass,SCO,1976,,
,GB,1976,,
Hans Theessink,NL,1976,,
Gibb Todd,GB,1976,,
Bobby Falloon,GB,1976,,
The McCalmans,SCO,1976,,
Van Dango,DK,1976,,
Kjeld Ingrish,DK,1976,,
Per Juul,DK,1976,,
Leonardo Pedersens’s Bigband,DK,1976,,
Tom Luke,USA,1976,,
Ole Rossel,DK,1976,,
Robin McKidd,GB,1976,,
Davie Craig,SCO,1976,,
Derroll Adams,USA,1976,,
Genty Sark,SCO,1976,,
"Svend Asmussen, Putte Wickmann, Ivan Renliden Trio",DK,1976,,
Silkie Miller & J.J. Dion,USA,1976,,
Tannahill Weavers,SCO,1977,,
Have Mercy,GB,1977,,
Derroll Adams,USA,1977,,
Tom Paley,USA,1977,,
Joe Locker,USA,1977,,
The Fureys & Dave Arthur,IRL,1977,,
High Speed Grass,SCO,1977,,
,GB,1977,,
Les Brown,SCO,1977,,
Niels Hausgaard,DK,1977,,
Lasse & Matilde,DK,1977,,
Spillemandslauget Tramp,DK,1977,,
Van Dango,DK,1977,,
Krølle Erik & Jørgen Lang,DK,1977,,
AR,,1977,,
folk,DK,1977,,
Humle,DK,1977,,
Peter Fahrenholz,DK,1977,,
Swing Styrke Syv & Wild Bill Davidson,DK,1977,,
,USA,1977,,
Nana Banana,DK,1977,,
Hanes Wader,D,1977,,
Fiede Kay,D,1977,,
Knut Kiessewetter & Band,D,1977,,
Haster Showband,DK,1977,,
Creole Stompers,DK,1977,,
Fessors Big City Band,DK,1978,,
Tims Fodvarmere,DK,1978,,
Foggy Town Jazzband,D,1978,,
Albert Mangelsdorf,D,1978,,
Peter Fahrenholtz,DK,1978,,
Intercity Band,DK,1978,,
McCalmans,SCO,1978,,
Dan Ar Bras,F,1978,,
McEwans Export,DK,1978,,
,IRL,1978,,
Van Dango,DK,1978,,
Hannes Wader,D,1978,,
Have Mercy,GB,1978,,
The Dirty Storey Band,USA,1978,,
Joe Locker,USA,1978,,
Erik Grip,DK,1978,,
Povl Dissing,DK,1978,,
Fynsk Harmoniforvirring,DK,1978,,
De Gyldne Løver,DK,1978,,
Træskæg,DK,1978,,
Tønder Spillemændene,DK,1978,,
Kontraband,DK,1978,,
High Speed Grass,SCO,1978,,
,GB,1978,,
Tom Luke,USA,1978,,
Hans Theessink,D,1978,,
Rumlekvadrillen,DK,1978,,
Bo Lipari & Jim Wimmer,USA,1978,,
Sweet Pan Steel Band,S,1978,,
,Vestindien,1978,,
Don Partridge & Les Bridger,GB,1978,,
Alex Campbell,SCO,1978,,
Rasmus Lyberth,DK,1978,,
Knut Kiesewetter,D,1978,,
New Victory Band,GB,1979,,
Hamish Imlach,SCO,1979,,
Gerry Lockran,GB,1979,,
Boys of the Lough,GB,1979,,
Wendy Grossman,USA,1979,,
Derroll Adams,USA,1979,,
Jenny Beeching,USA,1979,,
Ian MacKintosh,SCO,1979,,
Max Collie Rhytm Aces,GB,1979,,
Tom Paley & Joe Locker,USA,1979,,
Alan Roberts & Dougie MacLean,SCO,1979,,
High Speed Grass,SCO,1979,,
,GB,1979,,
Totalpetroleum/Monrad & Rislund,DK,1979,,
Fessors Big City Band,DK,1979,,
Bluegrass Connection & Friends,DK,1979,,
Niels Hausgaard /Jens Memphis / Poul Martin,DK,1979,,
Alex Campbell,SCO,1979,,
Povl Dissing,DK,1979,,
Jazzbanden,DK,1979,,
Kork,D,1979,,
Van Dango,DK,1979,,
New Celeste,SCO,1979,,
Kontraband,USA,1979,,
,IRL,1979,,
,DK,1979,,
Paddy Doyles,DK,1979,,
Erik Grip,DK,1979,,
Syncopators,DK,1980,,
Vestre Jazzværk,DK,1980,,
Hamish Imlach,SCO,1980,,
Ian MacKintosh,SCO,1980,,
Finn Th. Bachmann,DK,1980,,
Kontraband,SCO,1980,,
,IRL,1980,,
,DK,1980,,
Telephone Bill & The Smooth Operators,GB,1980,,
De Gyldne Løver,DK,1980,,
Hans Theessink,NL,1980,,
Detour,F,1980,,
,D,1980,,
,USA,1980,,
Alistair Anderson,GB,1980,,
Schmelztiegel,D,1980,,
Colin Browne,SCO,1980,,
Vindscreen Vipers,SCO,1980,,
Derroll Adams,USA,1980,,
Niels Hausgaard & Poul Martin,DK,1980,,
Erik Grip,DK,1980,,
Hannes Wader,D,1980,,
Alex Campbell,SCO,1980,,
High Speed Grass,SCO,1980,,
,GB,1980,,
McCalmans,SCO,1980,,
Van Dango,DK,1980,,
New Celeste,SCO,1980,,
Sand På Gulvet,DK,1980,,
Mike Whellans,SCO,1980,,
Lasse & Mathilde,DK,1980,,
Louises Venner,DK,1980,,
Sebastian,DK,1980,,
Max Collie & His Rythm Aces,GB,1980,,
Fessors Big City Band,DK,1980,,
Rudis Swingtet,DK,1980,,
Sammy Vomácka,CZ,1980,,
,SK,1981,,
Niels Hausgaard & Christian Alvad,DK,1981,,
The Green Field Stringband,DK,1981,,
Tante Tillies Fodvarmere,DK,1981,,
New Orleans Fans,DK,1981,,
Swing Gypsy Rose,D,1981,,
McEwans Export,DK,1981,,
,IRL,1981,,
Dougie MacLean,SCO,1981,,
Sand På Gulvet,DK,1981,,
Hamish Imlach,SCO,1981,,
Brede Big Band,DK,1981,,
Kræn Bysteds,DK,1981,,
The Dubliners,IRL,1981,,
Dick Gaughan,SCO,1981,,
Syncopators,DK,1981,,
Rødtjørnen,DK,1981,,
Van Dango,DK,1981,,
Vic Abraham,GB,1981,,
Bill Hills,USA,1981,,
Liederjan,D,1981,,
Kork,D,1981,,
Plank Road,USA,1981,,
Andy Irvine,IRL,1981,,
Tich Frier,SCO,1981,,
Wally Dugs,SCO,1981,,
Kontraband,DK,1981,,
Hampelmuse,D,1981,,
Johnny Shoppin,GB,1981,,
Græsset Gror,DK,1981,,
Alex Campbell,SCO,1981,,
Danny Kyle,SCO,1981,,
Ian MacKintosh,GB,1981,,
Lasse & Matilde,DK,1981,,
Alistair Anderson,GB,1981,,
Wendy Grossmann,USA,1981,,
Vindscreen Vipers,SCO,1981,,
Arizona Smoke Revue,USA,1981,,
The Matthew Brothers,IRL,1981,,
Erik Grip & Jens Christensen,DK,1981,,
Annika Hoydal & Lars Trier m.fl.,FR,1981,,
,DA,1981,,
"Lars Lilholt, John Nørgaard & Poul Krebs",DK,1981,,
Billy Hills & His Hoopin and Hollerin Hillbillies,USA,1981,,
,GB,1981,,
,IRL,1981,,
Mike Whellans,SCO,1981,,
Tom Paxton,USA,1982,,
Red Clay Ramblers,USA,1982,,
Dan Ar Bras,F,1982,,
Lonnie Donegan & His Skifflegroup,GB,1982,,
Liederjan,D,1982,,
Bob Kerrs Whoopee Band,GB,1982,,
Allan Taylor,GB,1982,,
Tom Paley,USA,1982,,
Fessors Big City Band,DK,1982,,
Benny Holst og Arne Würgler,DK,1982,,
Kontraband,SCO,1982,,
,IRL,1982,,
,DK,1982,,
Mike Whellans & The Block Brothers,SCO,1982,,
Van Dango,DK,1982,,
Niels Hausgaard & Christian Alvad,DK,1982,,
Hans Thimes & Niels Ole Frederiksen,DK,1982,,
Hamish Imlach,SCO,1982,,
Hans Theessink,NL,1982,,
Cartwheel,GB,1982,,
Dougie MacLean,SCO,1982,,
Lydie Auvray & The Auvrettes,F,1982,,
"Marc Robine, Bouzouki & Co",F,1982,,
Andrew John & Lissa Band,GB,1982,,
,DK,1982,,
Poder Popular,DK,1982,,
McCalmans,SCO,1982,,
New Celeste,SCO,1982,,
Rasmus Lyberth,DK,1982,,
Birelli Lagrene,F,1982,,
Derroll Adams,USA,1982,,
Kjeld Ingrisch,DK,1982,,
De Gyldne Løver,DK,1982,,
Plank Road,USA,1982,,
Traditionen Tro,DK,1982,,
Tannahill Weavers,SCO,1982,,
Crooks,NL,1982,,
Steamboat Entertainers,S,1982,,
Træskæg,DK,1982,,
Vin Garbutt,GB,1982,,
Leonard Pedersens Jazzkapel,DK,1982,,
Syncopaters,DK,1982,,
Trille,DK,1982,,
Dana Bluegrass Band,DK,1982,,
Rødtjørnen,DK,1982,,
Peps Persson,S,1982,,
Temaudstilling: Indianer og Eskimokulturen.,,1982,,
,,1983,Tønder Folk & Jazz Festival,
Fairport Convention,GB,1983,,
Hannes Wader & Band,D,1983,,
Battlefield Band,SCO,1983,,
Lillian Boutté & Her Music Friends,USA,1983,,
,D,1983,,
,DK,1983,,
Per Højholt,DK,1983,,
Niels Hausgaard,DK,1983,,
Run Rig,SCO,1983,,
Lydie Auvray & The Auvrettes,F,1983,,
Ar Log,GB,1983,,
Cornelis Vreeswijk,NL,1983,,
The McCalmans,SCO,1983,,
Vince Weber,D,1983,,
Jo,,1983,,
Ann Kelly & Pete Emery,GB,1983,,
Champion Jack Dupree & Kenn Lending,USA,1983,,
,DK,1983,,
Dave Swarbrick og Simon Nicol,GB,1983,,
Sara Grey & Ellie Ellis,USA,1983,,
Lars Lilholt Band,DK,1983,,
Pia Raug,DK,1983,,
Jesper Thilo Quintet,DK,1983,,
Etta Cameron Jazz Group,DK,1983,,
Istanbul Express,DK,1983,,
The Thompkins County Horseflies,USA,1983,,
Drinkers Drouth,SCO,1983,,
Iain Mackintosh,SCO,1983,,
The Wallochmor Ceilidh Band,SCO,1983,,
Kontraband,SCO,1983,,
,IRL,1983,,
,DK,1983,,
Hamish Imlach,USA,1983,,
Paul Banks & Musikorkestret,DK,1983,,
Vestre Jazzværk,DK,1983,,
Traditionen Tro,DK,1983,,
Robert Mandells East European Folk Group,H,1983,,
Van Dango,DK,1983,,
Søren Sørensens Swingcats,DK,1983,,
Rejseorkestret,DK,1983,,
Roaring Jelly,GB,1983,,
Hans Blues & Boogie,D,1983,,
Have Mercy,GB,1983,,
,,1984,Tønder Folk & Jazz Festival,
The Dubliners,IRL,1984,,
Odetta,USA,1984,,
Holly Near,USA,1984,,
Boys of the Lough,SCO,1984,,
,IRL,1984,,
Run Rig,SCO,1984,,
Povl Dissing og Benny Andersen,DK,1984,,
Sebastian,DK,1984,,
Lars Lilholt Band,DK,1984,,
Niels Hausgaard,DK,1984,,
Lillian Boutte’ & Her Music Friends,USA,1984,,
,DK,1984,,
Allan Taylor,GB,1984,,
Andy Irvine,IRL,1984,,
Dougie MacLean,SCO,1984,,
Drinkers Drouth,SCO,1984,,
Mike Whellans,SCO,1984,,
Liederjan,D,1984,,
Hans Theessink,NL,1984,,
Alistair Anderson,GB,1984,,
Iain MacKintosh,SCO,1984,,
Hamish Imlach,SCO,1984,,
The Balham Alligators,GB,1984,,
Kræn Bysted,DK,1984,,
Alex Campbell,SCO,1984,,
Derrol Adams,USA,1984,,
Fessors Big City Band,DK,1984,,
The Fabulous Salami Brothers,GB,1984,,
Vindscreen Vipers,SCO,1984,,
Jens Memphis,DK,1984,,
The Honky Tonk Ceilidh Band,SCO,1984,,
Kontraband,SCO,1984,,
,IRL,1984,,
,DK,1984,,
Paddy Doyles / Allan Klitgaard og Jens Christensen,DK,1984,,
,USA,1984,,
Robert Mandels East European Folk Group,H,1984,,
Benny Holst & Arne Würgler,DK,1984,,
Lasse og Matilde,DK,1984,,
Van Dango,DK,1984,,
Traditionen Tro,DK,1984,,
Syncopators,DK,1984,,
Brian Miller & Charlie Soane,SCO,1984,,
Dronningens Livstykke,DK,1984,,
String Fever,USA,1984,,
,GB,1984,,
High Speed Grass,SCO,1984,,
,GB,1984,,
Tom & Jason Luke,USA,1984,,
,DK,1984,,
Djursland Spillemænd,DK,1984,,
,,1985,Tønder Festival,
De Danann med Mary Black & Frankie Gavin,IRL,1985,,
Holly Near,USA,1985,,
Dave Swarbrick & Whippersnapper,GB,1985,,
"Eric Bogle, John Munro & Brent Miller",SCO,1985,,
,AUS,1985,,
The McCalmans,SCO,1985,,
Richard Thompson,GB,1985,,
Louisiana Red,USA,1985,,
Vin Garbutt,GB,1985,,
Ar Log,GB,1985,,
Niels Hausgaard,DK,1985,,
Lars Lilholt Band,DK,1985,,
Lillian Boutte’ & Her Music Friends,USA,1985,,
,D,1985,,
,DK,1985,,
Lydie Auvray & The Auvrettes,F,1985,,
Cy Laurie,GB,1985,,
Dølles Cafe Orkester,DK,1985,,
Werner Lämmerhirt,D,1985,,
Ian & Lorna Campbell Folk Group,SCO,1985,,
,GB,1985,,
Mike Whellans,SCO,1985,,
Rab Noakes,SCO,1985,,
Harry Strutters Hot Rythm Orchestra,GB,1985,,
La Romanderie,F,1985,,
Allan Klitgaard Band,DK,1985,,
Rakish Paddy,IRL,1985,,
Kenn Lending Blues Band,DK,1985,,
Familieorkestret,DK,1985,,
Svogers,DK,1985,,
Vestre Jazzværk,DK,1985,,
Gerry Spooner & Volker Wilmking,GB,1985,,
,D,1985,,
Julian Dawson,GB,1985,,
Zydecers,DK,1985,,
Djursland Spillemænd,DK,1985,,
Ash Plant,IRL,1985,,
,DK,1985,,
La Bastringue,DK,1985,,
Night Shift,DK,1985,,
,USA,1985,,
"Hans Jørgen Christensen, Erling Hansen og Jørn Hansen",DK,1985,,
Wonsda’ Awten,DK,1985,,
Yirdy’s Popes & Drums,DK,1985,,
,SCO,1985,,
Cirkus Tusindben,DK,1985,,
,,1986,Tønder festival,
Steeleye Span,GB,1986,,
Flaco Jiminez & The San Antonio Tex Mex Band,MEX,1986,,
Tom Paxton,USA,1986,,
Run Rig,SCO,1986,,
"Berline, Crary & Hickman",USA,1986,,
Battlefield Band,SCO,1986,,
,GB,1986,,
Niels Hausgaard,DK,1986,,
Trille & Band,DK,1986,,
Lars Lilholt Band,DK,1986,,
Lillebjørn Nilsen & Terje Venaas,N,1986,,
Dick Gaughan,SCO,1986,,
Le Clou,F,1986,,
Maxie & Mitch,GB,1986,,
Debby McClatchy,USA,1986,,
Gordon Bok,USA,1986,,
Mojo Blues Band,A,1986,,
Faith Petric,USA,1986,,
La Ciapa Rusa,I,1986,,
Zsaratnok,H,1986,,
Swan Arcade,GB,1986,,
Iain MacKintosh,SCO,1986,,
Avadaa Band,S,1986,,
Hamish Imlach,GB,1986,,
Malin Head,GB,1986,,
Helmut Debus & Paddy Maindock,D,1986,,
Rodney Miller & Peter Barnes,USA,1986,,
Magnolia Jazzband & Jan Harrington,N,1986,,
,USA,1986,,
Peter Pyh’s Drømmeband,DK,1986,,
Theis / Nyegaards Jazzband,DK,1986,,
Tøbrud,DK,1986,,
Van Dango,DK,1986,,
Spælimenninir,FR,1986,,
Groundspeed,NL,1986,,
The Poodles,USA,1986,,
Allan Olsen,DK,1986,,
Åbenrock,DK,1986,,
Mell & The Shaky Legs,DK,1986,,
Thimes & Nof,DK,1986,,
Harp’n Drum,DK,1986,,
Plat & Krone,DK,1986,,
Æ har høør :Dansk traditionel folkesang,DK,1986,,
,,1987,Tønder Festival,
Alistair Anderson,GB,1987,,
Derroll Adams,USA,1987,,
Albion Band,UK,1987,,
Balham Aligators,GB,1987,,
Lillian Boutté & Her Music Friends,USA,1987,,
,DK,1987,,
Bourbon Street Jazzband,DK,1987,,
Cro Magnon,BE,1987,,
Chieftains,IRL,1987,,
Jack Dupree Champion,USA,1987,,
DanaBluesgrass Band,DK,1987,,
Debrecen Dixieland Band,H,1987,,
De Gyldne Løver,DK,1987,,
Thorkild Demuth,DK,1987,,
Dubliners,IRL,1987,,
Fanø Spillemændene,DK,1987,,
Niels Hausgaard,DK,1987,,
Haster Showband,DK,1987,,
Liederjan,D,1987,,
Kenn Lendings Bluesband,DK,1987,,
Livstykket,DK,1987,,
Maxie & Mitsch,GB,1987,,
McCalmans,SCO,1987,,
Mixtüür,CH,1987,,
Morgenland / Yarinistan,D,1987,,
,TR,1987,,
Mohyla’s Bluesband,DK,1987,,
Mosaico,E,1987,,
Neanders Jazzband,DK,1987,,
Ortiga,RCH,1987,,
Peps Bloodsband,S,1987,,
Philippe Prieur,F,1987,,
Relativity,IRL,1987,,
,SCO,1987,,
Rejseorkestret,DK,1987,,
Dave Van Ronk,USA,1987,,
Rude Girls,USA,1987,,
Tony Sheridan,GB,1987,,
Sileas,SCO,1987,,
Sammenrend,DK,1987,,
Tuulenkantajat,SF,1987,,
Hannes Wader & Reinhardt Bärenz,D,1987,,
Mike Whellans & The Fabilous Motor Kings,SCO,1987,,
,DK,1987,,
Dave Swarbrick & Whippersnapper,GB,1988,Tønder Festival,
Albion Band,GB,1988,,
An Teallach Ceilidh Band,SCO,1988,,
Battlefield Band,SCO,1988,,
The Bayous,DK,1988,,
The Bluegrass Patriots,USA,1988,,
Eric Bogle,AUS,1988,,
Saul Broudy & Danny Greenspoon,USA,1988,,
,CAN,1988,,
Etta Cameron Jazz Group & The Voices of Joy,DK,1988,,
Country Blues Service,DK,1988,,
Dade Krama,GH,1988,,
Deighton Family,GB,1988,,
Big Joe Duskin & Dave Peabody,USA,1988,,
,GB,1988,,
The Fureys & Davey Arthur,IRL,1988,,
Dick Gaughan,SCO,1988,,
Leon Gieco,RA,1988,,
Niels Hausgaard,DK,1988,,
Heritage,N,1988,,
,IRL,1988,,
Paul Kaplan,USA,1988,,
Dolores Keane Band,IRL,1988,,
Bob Kerrs Whoopee Band,GB,1988,,
Hamish Imlach & Iain MacKintosh,SCO,1988,,
John McCutcheon,USA,1988,,
Muzsikas,H,1988,,
Neanders Jazzband,DK,1988,,
Holly Near,USA,1988,,
Yannick Monot & Nouvell France,DK,1988,,
,N,1988,,
,DDR,1988,,
,USA,1988,,
Papa Bue’s Viking Jazzband,DK,1988,,
Red Clay Ramblers,USA,1988,,
Marc Robine & Long Courrier,F,1988,,
Run Rig,SCO,1988,,
Skylark,IRL,1988,,
Hans Theessink & Jon Sass,NL,1988,,
,USA,1988,,
,,1989,Tønder Festival,
Poul Banks & Sten Vig,DK,1989,,
Battlefield Band,SCO,1989,,
The Bayous,DK,1989,,
Mary Black,IRL,1989,,
Debbie Cameron & Friends,DK,1989,,
Carlings Familje Band,S,1989,,
Max Collie & the Rhythm Aces,GB,1989,,
Bill Craig,CAN,1989,,
Bill Booth & Bygg Band,USA,1989,,
,N,1989,,
,DK,1989,,
De Dannan,IRL,1989,,
"Povl Dissing, Fuzzy & John von Daler",DK,1989,,
Foundry Bar Band,SCO,1989,,
Freja,DK,1989,,
Grupo Pueblo,NIC,1989,,
Niels Hausgaard & Christian Alvad,DK,1989,,
Hot Wire Blues Band,DK,1989,,
Istanbul Express,DK,1989,,
Connie Caldor,CAN,1989,,
Karlekammeret,DK,1989,,
Little Nicky & The Slicks,USA,1989,,
Rasmus Lyberth,DK,1989,,
Makvirag,HUN,1989,,
Millantu,RCH,1989,,
Hugh Moffatt,USA,1989,,
Lynn Morris Band,USA,1989,,
Neanders Jazz Band,DK,1989,,
"Martin O’Connor, Emmanuel Pariselle & Katherine Bersoux",IRL,1989,,
,F,1989,,
The Oyster Band,GB,1989,,
Ragtime United,D,1989,,
Soldat Louis,F,1989,,
Davy Spillane Band,IRL,1989,,
Sweet Honey In The Rock,USA,1989,,
Allan Taylor,GB,1989,,
Steve Turner,GB,1989,,
Whippersnapper,GB,1989,,
,,1990,,
Altan,IRL,1990,,
Atlantic Wave Band,GB,1990,,
,DK,1990,,
Boiled in Lead,USA,1990,,
Al Carson & Magnolia,,1990,,
,,1990,Tønder Festival,
Jazzband,USA,1990,,
,N,1990,,
Fanny,DK,1990,,
The Four Brothers,ZW,1990,,
Dick Gaughan,SCO,1990,,
Gentlemen of Jazz,DK,1990,,
Arlo Guthrie,USA,1990,,
Niels Hausgaard,DK,1990,,
Hamish Imlach & Ian Mckintosh,SCO,1990,,
Jams,DDR,1990,,
Connie Kaldor,CAN,1990,,
Kalyi Jag,HUN,1990,,
"Bill Keith, Jim Rooney, Eric Weissberg & Kenny Kosek",USA,1990,,
Kenn Lendings Blues Band,DK,1990,,
Lars Lilholt & Øyvind Ougaard,DK,1990,,
Louisiana Red,USA,1990,,
Maggies Jig,DK,1990,,
McCalmans,SCO,1990,,
Midnight Special,DK,1990,,
The Occasionals,SCO,1990,,
The Oyster Band,GB,1990,,
Bob Paisley & The Southern Grass,USA,1990,,
The Pigsty Hill Light Orchestra,GB,1990,,
The Sands Family,IRL,1990,,
Pete Seeger,USA,1990,,
Judy Small,AUS,1990,,
Studium Dixieland Band,HUN,1990,,
Syncopators,DK,1990,,
Sweet Mama,F,1990,,
June Tabor,GB,1990,,
The Tannahill Weavers,SCO,1990,,
Hannes Wader,D,1990,,
Joe Louis Walker Bluesband,USA,1990,,
Zebra,DK,1990,,
,TZ,1990,Tønder Festival,
,GH,1990,,
,KE,1990,,
Alias Ron Kavana,IRL,1991,,
,GB,1991,,
Aline White & Magnolia Jazzband,USA,1991,,
,N,1991,,
The Barely Works,GB,1991,,
Michael Doucet & Beausoleil,USA,1991,,
Eric Bogle,AUS,1991,,
Roy Book Binder,USA,1991,,
La Bottine Souriante,CAN,1991,,
Craobh Rua,NIRL,1991,,
Phil Cunningham,SCO,1991,,
D.L. Menard &The Louisiana Aces,USA,1991,,
"Povl Dissing, John von Daler & Christian Søegaard",DK,1991,,
Ramblin’ Jack Elliott,USA,1991,,
The French Alligators,F,1991,,
Niels Hausgaard,DK,1991,,
Paul James,CAN,1991,,
Kid Barkers Ragtime Band,DK,1991,,
Karlekammeret,DK,1991,,
The Kathryn Tickell Band,GB,1991,,
Kate & Anna McGarrigle,CAN,1991,,
Rory McLeod,GB,1991,,
Ralph McTell,GB,1991,,
The Nashville Bluegrass Band,USA,1991,,
Neanders Jazzband,DK,1991,,
Pig Meat,NL,1991,,
R. Cajun & The Zydeco Brothers,GB,1991,,
Ricardo’s Jazzband,DK,1991,,
Marc Robine & Long Courrier,F,1991,,
Roy Rogers & The Delta Rhythm Kings,USA,1991,,
"Micho Russel, Paddy Glackin & Tommy MacMahon",IRL,1991,,
Judy Small,AUS,1991,,
Sømanden & Stjernerne,DK,1991,,
An Teallach Ceilidh Band,SCO,1991,,
"Hans Theessink, Jon Sass & Blue Groove",NL,1991,,
,USA,1991,,
,GB,1991,,
Van Dango,DK,1991,,
Mike Whellans & Hot Wire,SCO,1991,,
,DK,1991,Tønder Festival,
,,1992,,
Alias Ron Kavana,IRL,1992,,
,GB,1992,,
Altan,IRL,1992,,
Arcady,IRL,1992,,
Bang the Drum,IRL,1992,,
Bringing It All Back Home: Natbio m fortælling v Philip King,IRL,1992,,
Dave Burland,USA,1992,,
Cajun du Nord,SF,1992,,
,S,1992,,
,N,1992,,
,DK,1992,,
California,USA,1992,,
Cephas & Wiggins,USA,1992,,
Clan Alba,SCO,1992,,
Clutha / Clydebuilt Ceilidh Band,SCO,1992,,
Povl Dissing & Benny Andersen,DK,1992,,
Folkemusiksammenslutningen præsenterer: Ash Plant,DK,1992,,
,IRL,1992,,
Four Men And A Dog,IRL,1992,,
Niels Hausgaard & Christian Alvad,DK,1992,,
Frits Helmuth,DK,1992,,
The Holmes Brothers,USA,1992,,
Hamish Imlach & Iain MacKintosh,SCO,1992,,
James Keelaghan Trio,CAN,1992,,
Bjarne Liller & Doc Houlinds Big Five,DK,1992,,
The Lost Nation Band,GB,1992,,
,USA,1992,,
Maxie & Mitch,GB,1992,,
Neanders Jazzband,DK,1992,,
The Oyster Band,GB,1992,,
Ragtime United,D,1992,,
Rumillajta,RB,1992,,
The Eleanor Shanley Band,IRL,1992,,
Sharon Shannon Band,IRL,1992,,
Sumpens Swingster,S,1992,,
Dave Swarbrick & Martin Carthy,GB,1992,,
Van Dango,DK,1992,,
Bobby Watt,CAN,1992,,
Wolfstone,SCO,1992,,
Gabriel Yacoub & Nikki Matheson,F,1992,,
,CAN,1992,Tønder Festival,
,,1993,,
,,1993,,
Eric Andersen & Jonas Fjeld,USA,1993,,
,N,1993,,
Bal,,1993,,
X,,1993,,
Pressen /FOSM,DK,1993,,
The Bayous/FOSM,DK,1993,,
Mary Black,IRL,1993,,
Bluegrass Boulevard /FOSM,DK,1993,,
Roy Book Binder & The Hillbilly Blues Cats,USA,1993,,
"Lillian Boutté, Al Carson & Magnolia Jazzband",USA,1993,,
,N,1993,,
Otto Brandenburg,DK,1993,,
Bullmilk,N,1993,,
C. J. Chenier & The Red Hot Louisiana Band,USA,1993,,
Captain Hoffers Showband,DK,1993,,
The Chieftains,IRL,1993,,
The Defenders,DK,1993,,
Fanny,DK,1993,,
French Alligators,F,1993,,
Niels Hausgaard & Christian Alvad,DK,1993,,
The Humpff Family,SCO,1993,,
Jomfru Fanny Big Band,DK,1993,,
Connie Kaldor,CAN,1993,,
James Keelaghan,CAN,1993,,
Garrison Keillor And the Hopeful Gospel Quartet,USA,1993,,
Lá Lugh,IRL,1993,,
Carl Erik Lundgaard Jensen/FOSL,DK,1993,,
Rasmus Lyberth,DK,1993,,
Monty Sunshine Jazz Band,GB,1993,,
Kenny Neal,USA,1993,,
Neanders Jazzband,DK,1993,,
The new Blue Velvet Band,USA,1993,,
Paulski & Den Ny Verdensorden /FOSM,DK,1993,,
,,1993,,
Tom Paxton,USA,1993,,
Plainsong,USA,1993,,
,GB,1993,,
Roy Rogers & The Delta Rhytm Kings,USA,1993,,
Peter Rowan & The Panama Red Riders,USA,1993,,
Sebastian,DK,1993,,
Sønderjyllands Symfoniorkester og 24 kor,DK,1993,,
Two for the Road/FOSM,DK,1993,,
Uncle Tupelo,USA,1993,,
Wolfstone,SCO,1993,,
,,1994,Tønder Festival,
,,1994,,
,,1994,,
All stars,DK,1994,,
,USA,1994,,
Luther Allison,USA,1994,,
Lilian Boutt’e & Her Music Friends,USA,1994,,
,D,1994,,
,DK,1994,,
The Bucks,IRL,1994,,
,UK,1994,,
,NL,1994,,
Cajun du Nord,N,1994,,
,S,1994,,
,SF,1994,,
,DK,1994,,
De Dannan,IRL,1994,,
Julian Dawson,GB,1994,,
"Dissing, von Daler & Søgaard",DK,1994,,
The Dubliners,IRL,1994,,
Arlo Guthrie,USA,1994,,
Keith Hancock & Lee Collinson,GB,1994,,
Niels Hausgaard,DK,1994,,
Have Mercy,GB,1994,,
Tish Hinojosa,USA,1994,,
Benny Holst & Arne Würgler,DK,1994,,
Hamish Imlach & Iain MacKintosh,SCO,1994,,
Sea`n Keane,IRL,1994,,
Kenn Lendings Blues Band,DK,1994,,
Louisiana Radio,NL,1994,,
The McCalmans,SCO,1994,,
,,1994,,
Brian McNeill,SCO,1994,,
Moxy Früvous,CAN,1994,,
Neanders Jazzband,DK,1994,,
The Oyster Band,GB,1994,,
Steve Riley & The Mamou Playboys,USA,1994,,
"Rock, Salt & Nails",SCO,1994,,
Runrig,SCO,1994,,
Eleanor Shanley,IRL,1994,,
Syncopators,DK,1994,,
Allan Taylor,GB,1994,,
Hans Theessink & Blue Groove,NL,1994,,
,USA,1994,,
,GB,1994,,
Van Dango,DK,1994,,
Hubert Von Goisern & Die Original Alpinkatzen,AUS,1994,,
Wolfstone,SCO,1994,,
,,1995,Tønder Festival,
,,1995,,
,,1995,,
Svend Asmussen Kvartet,DK,1995,,
Aly Bain & Phil Cunningham,SCO,1995,,
Bluegrass Etc.,USA,1995,,
Boys of the Lough,SCO,1995,,
,GB,1995,,
,IRL,1995,,
Paul Brady,IRL,1995,,
Etta Cameron & The Voices of Joy,DK,1995,,
De’anta,IRL,1995,,
Dervish,IRL,1995,,
The Equation,GB,1995,,
Flatville Aces,GB,1995,,
Hasters Showband,DK,1995,,
Niels Hausgaard,DK,1995,,
Hedningarna,S,1995,,
,SF,1995,,
Humdingers,IRL,1995,,
,S,1995,,
,F,1995,,
,DK,1995,,
Hölderlin Express,D,1995,,
Jan James,USA,1995,,
James Keelaghan,CAN,1995,,
Kips Bay Ceili Band,USA,1995,,
,IRL,1995,,
Lake City Jazzband,DK,1995,,
Natalie MacMaster,CAN,1995,,
Phil Mason’s New Orleans All Stars & Christine Tyrrell,GB,1995,,
Máire Ni Chathasaigh & Chris Newman,IRL,1995,,
,GB,1995,,
Maura O’Connell,USA,1995,,
Old Blind Dogs,SCO,1995,,
Allan Olsen,DK,1995,,
"Rock, Salt & Nails",SCO,1995,,
Second Line Jazzband,S,1995,,
Sharon Shannon,IRL,1995,,
Shooglenifty,SCO,1995,,
Laura Smith,CAN,1995,,
"Davy Spillane, Sean Tyrrell & Liam Lewis",IRL,1995,,
Steeleye Span,GB,1995,,
Urban Turban,S,1995,,
Wolfstone,SCO,1995,,
,,1996,Tønder Festival,
,,1996,,
,,1996,,
,,1996,,
Alias Ron Kavana,IRL,1996,,
,GB,1996,,
Arcady,IRL,1996,,
Balfa Toujours,USA,1996,,
Baltinget,DK,1996,,
Battlefield Band,SCO,1996,,
The Bluegrass Patriots,USA,1996,,
La Bottine Souriante,CAN,1996,,
Capercaillie,SCO,1996,,
J. P. Cormier & Company,CAN,1996,,
Cosa Nostra Jassgang,NL,1996,,
Danish Dia Delight,DK,1996,,
Dervish,IRL,1996,,
Jerry Douglas & Peter Rowan,USA,1996,,
Dug,DK,1996,,
Fanny,DK,1996,,
Folk & Rackere,S,1996,,
,N,1996,,
Niels Hausgaard,DK,1996,,
Chris Jagger’s Atcha,GB,1996,,
Kips Bay Ceili Band,USA,1996,,
Ashley MacLaac & The Kitchen Devils,CAN,1996,,
Iain MacKintosh,SCO,1996,,
Natalie MacMaster,CAN,1996,,
Brian McNeill & Tony McManus,SCO,1996,,
Phil Mason’s New Orleans All,,1996,,
Stars & Christine Tyrrell,SCO,1996,,
Mes Souliers Sont Rouges,F,1996,,
Christy Moore,IRL,1996,,
Neanders Jazzband,DK,1996,,
Tim O’Brien & The O’Boys,USA,1996,,
Màirtìn O’ Connor & Chatterbox,IRL,1996,,
The Old Rope String Band,GB,1996,,
Reeltime,IRL,1996,,
Runrig,SCO,1996,,
Hannes Wader,D,1996,,
Waterson:Carthy,GB,1996,,
,,1997,: Tønder Festival,
,,1997,,
Harvey Andrews,GB,1997,,
Barachois,CAN,1997,,
The Barra Mac Neils,CAN,1997,,
Bluephoria,USA,1997,,
,GB,1997,,
"Eric Bogle, John Munro & Brent Miller",SCO,1997,,
,AUS,1997,,
Ian Bruce,SCO,1997,,
Etta Cameron & The Voices of Joy,DK,1997,,
Capercaillie,SCO,1997,,
Cherish The Ladies,USA,1997,,
Max Collie & His Rhythm Aces,GB,1997,,
J. P. Cormier & Company,CAN,1997,,
Bruce Daigrepont Cajun Band,USA,1997,,
Danü,IRL,1997,,
Povl Dissing & Benny Andersen,DK,1997,,
Dug,DK,1997,,
Eagle Feather,CAN,1997,,
Four Men And A Dog,IRL,1997,,
Alvin Youngblood Hart,USA,1997,,
Niels Hausgaard,DK,1997,,
Kætter Kvartet,DK,1997,,
Poul Lamb & The King Snakes,GB,1997,,
Llan de Cubel,E,1997,,
The Donal Lunny Band,IRL,1997,,
The McCalmans,SCO,1997,,
Neanders Jazzband,,1997,,
,DK,1997,,
Liam O’Flynn & The Given Note Band,IRL,1997,,
The Oysterband,GB,1997,,
John Sebastian & The J. Band,USA,1997,,
Second Line Jazzband,S,1997,,
Eleanor Shanley,IRL,1997,,
Judy Small,AUS,1997,,
Sorten Muld,DK,1997,,
Wolfstone,SCO,1997,,
Richard Wood,CAN,1997,,
,,1998,Tønder Festival,
,,1998,,
,,1998,,
Svend Asmussens Kvartet,DK,1998,,
Baltinget,DK,1998,,
La Bottine Souriante,CAN,1998,,
Cherish the Ladies,USA,1998,,
The Chieftains,IRL,1998,,
Dan Crary & Beppe Gambetta,USA,1998,,
,I,1998,,
Danù,IRL,1998,,
Joe Derrane & Frankie Gavin,USA,1998,,
,IRL,1998,,
Ivan Drever & Duncan Chisholm,SCO,1998,,
Dølle/Hasemann New Orleans Jazzband,DK,1998,,
Great Big Sea,CAN,1998,,
Niels Hausgaard,DK,1998,,
"Kavana, McNeill, Lynch & Lupari",IRL,1998,,
,SCO,1998,,
Keep It Up,SCO,1998,,
Kætter Kvartet,DK,1998,,
Penny Lang,CAN,1998,,
Doughie MacLean,SCO,1998,,
Magnolia Jazzband & Topsy Chapman,N,1998,,
,USA,1998,,
Ná Keen Affair,IRL,1998,,
Neanders Jazzband,DK,1998,,
Carlos Núnèz,E,1998,,
Allan Olsen,DK,1998,,
Niamh Persons & The Loose Connections,IRL,1998,,
Knut Reiersrud,N,1998,,
Steve Riley & The Mamou Playboys,USA,1998,,
"Rock, Salt & Nails",SCO,1998,,
Runrig,SCO,1998,,
Solas,USA,1998,,
,IRL,1998,,
"”Song Island”: Kevin Welch, David Olney & Poul Krebs",USA,1998,,
,DK,1998,,
Cornelius Vreeswijk Cabaret /DK,,1998,,
Richard Wood,CAN,1998,,
,,1999,Tønder Festival,
,,1999,,
,,1999,,
Altan,IRL,1999,,
Aly Bain & Phil Cunningham,SCO,1999,,
Barachois,CAN,1999,,
Battlefield Band,SCO,1999,,
Eric Bogle,AUS,1999,,
Lillian Boutt’e & Her Music Friends,USA,1999,,
Bruce Daigrepont Cajun Band,USA,1999,,
Dervish,IRL,1999,,
The Dillards,USA,1999,,
"Dissing, Dissing von Daler & Dissing",DK,1999,,
Ronnie Drew,IRL,1999,,
The Dubliners,IRL,1999,,
Dick Gaughan,SCO,1999,,
Arlo Guthrie,USA,1999,,
Niels Hausgaard,DK,1999,,
High Speed Grass,,1999,,
"Kavana, McNeill, Lynch & Lupari",IRL,1999,,
,SCO,1999,,
James Keelaghan & Oscar Lopez,CAN,1999,,
Rasmus Lybert & Christian Alvad,DK,1999,,
The MacCalmans,SCO,1999,,
Iain MacKintosh,SCO,1999,,
Natalie Macmaster,CAN,1999,,
Neanders Jazzband,DK,1999,,
Carlos Nú`nez,E,1999,,
Oysterband,GB,1999,,
Tom Paxton,USA,1999,,
Roy Rogers & The Delta Rhytm Kings,USA,1999,,
Runrig,SCO,1999,,
Serras,DK,1999,,
Eleanor Shanley,IRL,1999,,
Slàinte Math,CAN,1999,,
Hans Theessink & Blue Grove,NL,1999,,
,USA,1999,,
Van Dango,DK,1999,,
,,2000,Tønder Festival,
,,2000,,
,,2000,,
"Alias Da Dog : Ron Kavana, Andy Martyn & Gino Lupari",IRL,2000,,
Berrogüetto,E,2000,,
Big Mama & the Golden Six,INT,2000,,
The Bumblebees,IRL,2000,,
Max Collie & His Rhythm Aces,GB,2000,,
Danü,IRL,2000,,
The Dubliners,IRL,2000,,
Fairport Convention,GB,2000,,
Dick Gaughan & Brian MacNeill,SCO,2000,,
Great Big Sea,CAN,2000,,
Emmylou Harris,USA,2000,,
Haugaard & Høirup,DK,2000,,
Niels Hausgaard,DK,2000,,
Paddy Keenan & Tommy O’Sullivan,IRL,2000,,
Lee Valley String Band,IRL,2000,,
Liederjan,D,2000,,
Ian MacKintosh,SCO,2000,,
Dougie MacLean,SCO,2000,,
Ralph McTell,GB,2000,,
Malinky,SCO,2000,,
Tim O’Brien & The Crossing,USA,2000,,
Old Blind Dogs,IRL,2000,,
Jim Payne & Fergus O’Byrne,CAN,2000,,
Kimmie Rhodes,USA,2000,,
Second Line Jazzband,S,2000,,
Sharon Shannon & The Woodchoppers,IRL,2000,,
Sláinte Mhath,CAN,2000,,
Soldat Louis,F,2000,,
Song Island,USA,2000,,
,N,2000,,
,GB,2000,,
,DK,2000,,
Loudon Wainwright lll,USA,2000,,
Wolfstone,SCO,2000,,
John Wright Band,GB,2000,,
The Wrigley Sisters,SCO,2000,,
,,2001,Tønder Festival,
,,2001,,
,,2001,,
,,2001,,
”422”,GB,2001,,
Alistair Anderson,GB,2001,,
Beòlach,CAN,2001,,
Mary Black,IRL,2001,,
Luka Bloom,IRL,2001,,
Bluegrass Etc.,USA,2001,,
La Bottine Souriante,CAN,2001,,
Lilian Bouttè & the Baby Boomers Of New Orleans Jazz,USA,2001,,
,D,2001,,
,GB,2001,,
,DK,2001,,
Capercaillie,SCO,2001,,
Karan Casey,IRL,2001,,
Danû,IRL,2001,,
De Dannan with Dolores Keane,IRL,2001,,
Julian Dawson with Kimberly Rew & Andy Metcalfe,GB,2001,,
Terry Evans Band,USA,2001,,
Fiddler´s Bid,SCO,2001,,
Niels Hausgaard,DK,2001,,
The Hoodangers,AUS,2001,,
Jerry Holland,CAN,2001,,
Bob Kerr And His Whoopee Band,GB,2001,,
H. P. Lange & Troels Jensen,DK,2001,,
Louisiana Red & Kenn Lending Blues Band,USA,2001,,
,DK,2001,,
Jez Lowe & The Bad Pennies,GB,2001,,
"Brian McNeill, Ian MacKintosh & Ron Kavana",IRL,2001,,
,SCO,2001,,
Neanders Jazzband,DK,2001,,
North Cregg,IRL,2001,,
"Tim O’Brien, Darrell Scot &",,2001,,
Dirk Powell,USA,2001,,
Allan Olsen,DK,2001,,
Oyesterband,GB,2001,,
Steve Riley & The Mamou Playboys,USA,2001,,
Srüj MacDuhk,CAN,2001,,
Serras,DK,2001,,
Hans Theessink,NL,2001,,
ILC,DK,2001,,
Väsen,S,2001,,
The Waifs,AUS,2001,,
Kevin Welch & Kieran Kane,USA,2001,,
,,2002,Tønder Festival,
,,2002,,
,,2002,,
Seamus Begley & Jim Murray,IRL,2002,,
Blou,CAN,2002,,
Chuck Brodsky,USA,2002,,
Cherish The ladies,USA,2002,,
Croft NoFive,SCO,2002,,
Dervish,IRL,2002,,
Donovan with Danny Thompson,SCO,2002,,
,GB,2002,,
The Dubliners,IRL,2002,,
The Duhks,CAN,2002,,
Ramblin´ Jack Elliott,USA,2002,,
Fiddler’s Bid,SCO,2002,,
Arlo Guthrie,USA,2002,,
Bruce Guthro,CAN,2002,,
Paul Harrison Band,GB,2002,,
,D,2002,,
Niels Hausgaard,DK,2002,,
Instinkt,DK,2002,,
Malcolm Jones & Donald Black,SCO,2002,,
Alan Kelly & The Mosaic Band,IRL,2002,,
Youra Marcus & Gérald Ryckeboer,F,2002,,
,BE,2002,,
The McCalmans,SCO,2002,,
John McCuster & Friends,SCO,2002,,
Rory McLoyd & Aimee Leonhard,SCO,2002,,
Brian Mc Neill & Ron Kavana,SCO,2002,,
,IRL,2002,,
Magnolia Jazzband & Topsy Chapman,N,2002,,
,USA,2002,,
Neanders Jazzband,DK,2002,,
North Cregg,IRL,2002,,
Tim O’Brien,USA,2002,,
Runrig,SCO,2002,,
Emily Smith,SCO,2002,,
De studerende fra det fynske Musikkonservatorium,DK,2002,,
Swap,GB,2002,,
,S,2002,,
Allan Taylor,GB,2002,,
Hans Theessink & Blue Groove,NL,2002,,
,USA,2002,,
La Voléed’Castors,CAN,2002,,
The Waifs,AUS,2002,,
Waterson:Carthy,GB,2002,,
John Wright Band,GB,2002,,
Zar,DK,2002,,
,,2003,Tønder Festival,
,,2003,,
,,2003,,
Altan,IRL,2003,,
Blazin Fiddles,SCO,2003,,
Chuck Brodsky,USA,2003,,
Karan Casey,IRL,2003,,
J.P. Cormier & Dave Cunning,CAN,2003,,
Corquié & Anabel Santiago,E,2003,,
The Cottars,CAN,2003,,
The Deep River Quartet,NL,2003,,
Cara Dillon,GB,2003,,
Flook,GB,2003,,
,IRL,2003,,
David Francey,CAN,2003,,
Les Haricots Rouges,F,2003,,
Haugaard & Høirup,DK,2003,,
Niels Hausgaard,DK,2003,,
Colin Reid & Boo Hewerdine,,2003,,
Eileen Ivers & Immegrant Soul,USA,2003,,
H. P. Lange & Troels Jensen,DK,2003,,
Jens Lysdal Trio,DK,2003,,
Brian McNeill & Ron Kavana,SCO,2003,,
,IRL,2003,,
Neanders Jazzband,DK,2003,,
Liam O’Flynn & The Pipers Call Band,IRL,2003,,
Oysterband & The big Session,GB,2003,,
The Paperboys,CAN,2003,,
Plainsong,GB,2003,,
Phønix,DK,2003,,
Eddi Reader,SCO,2003,,
Riverdance,IRL,2003,,
Shooglenifty,SCO,2003,,
Släinte Mhath,CAN,2003,,
sp:just:frost,DK,2003,,
John Spiers & Jon Boden,GB,2003,,
De studerende fra Det Fynske Musikkonservatorium,DK,2003,,
Danny Thompson,GB,2003,,
Chip Taylor & Carrie Rodriguez,USA,2003,,
ULC med Liam O'flynn,DK,2003,,
April Verch Band,CAN,2003,,
Wolfstone,SCO,2003,,
Zar,DK,2003,,
,,2004,Tønder Festival,
,,2004,,
,,2004,,
Seamus Begley & Jim Murray with Seosamh Ö Neachtain and Róisinín Ní Mháinnín,IRL,2004,,
The Bills,CAN,2004,,
Mary Black,IRL,2004,,
The Black Brothers,IRL,2004,,
Breaux,USA,2004,,
,GB,2004,,
Chuck Brodsky,USA,2004,,
J. P. Cormier,CAN,2004,,
Danú,IRL,2004,,
"Dissing, Dissing, Las & Dissing",DK,2004,,
Ivan Drever & Duncan Chisholm,SCO,2004,,
Ruthie Foster with Cyd Cassone,USA,2004,,
Lennie Gallant,CAN,2004,,
Give Way,SCO,2004,,
Great Big Sea,CAN,2004,,
Niels Hausgaard,DK,2004,,
Haugaard & Høirup,DK,2004,,
Henrik Jansberg Band,DK,2004,,
Lúnasa,IRL,2004,,
Annie Massie Band,SCO,2004,,
The McCalmans,SCO,2004,,
Brian McNeill & Ron Kavana,SCO,2004,,
,IRL,2004,,
Bruce Molsky,USA,2004,,
Karen Mose & Helene Blum,DK,2004,,
Neanders Jazzband,DK,2004,,
Carlos Núnez,E,2004,,
Tim O’Brien Band,USA,2004,,
Liam O´Flynn & Sønderjyllands Symfoniorkester,IRL,2004,,
Dirk Powel & Riley Baugus,USA,2004,,
Eddi Reader,SCO,2004,,
Steve Riley & The Mamou Playboys,USA,2004,,
Runrig,SCO,2004,,
Second Line Jazzband,S,2004,,
John Spillane,IRL,2004,,
Studerende fra Det Fynske Musikkonservatorium,DK,2004,,
Hans Thessink Band,NL,2004,,
,AUT,2004,,
,ZW,2004,,
Tumult,DK,2004,,
Linda Tillery & The Cultural Heritage Choir,USA,2004,,
Vamp,N,2004,,
Le Vent du Nord,CAN,2004,,
Richard Wood,CAN,2004,,
,,2005,Tønder Festival,
,,2005,,
,,2005,,
Fin Alfred & Morten Alfred Høirup,DK,2005,,
Blue Murder,GB,2005,,
Burich,,2005,,
L’Etienne New Orleans Ensemble,DK,2005,,
,D,2005,,
,USA,2005,,
Capercaillie,SCO,2005,,
"Povl Dissing, Knut Reiersrud & Iver Kleive",DK,2005,,
,N,2005,,
The Duhks,CAN,2005,,
Bruce Daigreport Cajun Band,USA,2005,,
Ruthie Foster,,2005,,
with Cyd Cassone,USA,2005,,
David Francey,CAN,2005,,
Grâda,IRL,2005,,
,NZ,2005,,
,DK,2005,,
Bruce Guthro,CAN,2005,,
Paul Harrison Band,GB,2005,,
,NL,2005,,
,DK,2005,,
Niels Hausgaard,DK,2005,,
Hayseed Dixie,USA,2005,,
The Hoodangers,AUS,2005,,
Benny Holst Trio,DK,2005,,
Brian McNeill & Ron Kanava,SCO,2005,,
,IRL,2005,,
James Keelaghan,CAN,2005,,
La Porta Band,DK,2005,,
Madviolet,CAN,2005,,
Anna Massie Band,SCO,2005,,
Doughie MacLean Band,SCO,2005,,
Michael McGoldrick Band,GB,2005,,
"Troy MacGillivray, Kimberley Fraser & Patrick Gillis",CAN,2005,,
Ditte Fromseier Mortensen,DK,2005,,
,IRL,2005,,
Mozaik,IRL,2005,,
,USA,2005,,
,BG,2005,,
,NL,2005,,
Neanders Jazzband,DK,2005,,
Tim O’Brien,USA,2005,,
Oysterband,GB,2005,,
Eivør Pálsdóttir & Bill Bourne,FR,2005,,
,CAN,2005,,
Gordie Sampson,CAN,2005,,
Susana Seivane,E,2005,,
Session A9,SCO,2005,,
Chip Taylor & Carrie Rodriguez,USA,2005,,
Téada,IRL,2005,,
The Saw Doctors,IRL,2005,,
La Volée d’Castors,CAN,2005,,
Young Musicians Crossing Borders,GB,2005,,
,SCO,2006,Tønder Festival,
,DK,2006,,
,,2006,,
The Band Who Knew Too Much,AUS,2006,,
Beoga,IRL,2006,,
Bobadavdaw & Bluesrødderne,DK,2006,,
Eric Bogle & John Munro,AUS,2006,,
Lilian Bouttê Band,USA,2006,,
,ENG,2006,,
Croft No. Five,SCO,2006,,
Crooked Still,USA,2006,,
Guy Davis & The High Flying Rockets,USA,2006,,
Steve Earle,USA,2006,,
Eivør,FR,2006,,
Foghorn Stringband,USA,2006,,
Four Men and a Dog,IRL,2006,,
Arlo Guthrie,USA,2006,,
Bruce Guthro,CAN,2006,,
Niels Hausgaard & Steffen Brandt,,2006,,
"m. Tine Refsgaard, Marie Key og Carlas Duo",DK,2006,,
Hayseed Dixie,USA,2006,,
Heel toToe/ Barr go Sáil,IRL,2006,,
Caroline Herring,USA,2006,,
Instinkt,DK,2006,,
Eileen Ivers & Immegrant Soul,USA,2006,,
Henrik Jansberg & Rasmus Nørr,DK,2006,,
Jordans Drive,DK,2006,,
Sofia Karlsson,S,2006,,
Kasir,DK,2006,,
Jez Love & The Bad Pennies,ENG,2006,,
Lúnasa,IRL,2006,,
Malbrook,D,2006,,
,S,2006,,
Allison Moorer,USA,2006,,
Shona Mooney Band,SCO,2006,,
Neanders Jazzband,DK,2006,,
Tim O’Brien & Darrel Scott m. Dennis Crouch & Casey Driessen,USA,2006,,
Liam O’Connor & Sean McKeon,IRL,2006,,
Peatbog Faeries,SCO,2006,,
Peter Rowan,USA,2006,,
The Saw Doctors,IRL,2006,,
Sebastian,DK,2006,,
John Spillane & Louis de Paor,ENG,2006,,
Le Vent du Nord,CAN,2006,,
,,2007,Tønder Festival,
,,2007,,
,,2007,,
,,2007,,
Balfa Tourjours & Dick Powell Band,USA,2007,,
BoneZone,DK,2007,,
Etta Cameron & the Voices of Joy,DK,2007,,
Liz Carroll & John Doyle,USA,2007,,
Karan Casey Band,IRL,2007,,
Liam Clancy,IRL,2007,,
Crooked Still,USA,2007,,
Danü,IRL,2007,,
Antje Duvekot,USA,2007,,
Guy Forsyth,USA,2007,,
Julie Fowlis,SCO,2007,,
Genticorum,CAN,2007,,
Great Big Sea,CAN,2007,,
Bruce Guthro,CAN,2007,,
"Niels Hausgaard & Allan Olsen med gæster:, Marie Key, Sara Grabow, Signe Bach Rüttel og Signe Svendsen",DK,2007,,
Henrik Jansberg Band,DK,2007,,
Ron Kavana,IRL,2007,,
Seth Lakeman,ENG,2007,,
Lau,SCO,2007,,
Levellers,ENG,2007,,
Rasmus Lyberth,DK,2007,,
Taj Mahal Trio,USA,2007,,
The Mammals,USA,2007,,
The McCalmans,SCO,2007,,
Brian McNeill,SCO,2007,,
Mean Old Men,DK,2007,,
MoZuluArt,ZW,2007,,
,AT,2007,,
Neanders Jazzband,DK,2007,,
Tim O’Brien,USA,2007,,
Runrig,SCO,2007,,
Session A9,SCO,2007,,
Eleanor Shanley Band,IRL,2007,,
Solas,USA,2007,,
,IRL,2007,,
Sp Just & Frost & Jordans Drive,DK,2007,,
Hans Theessink & Insingizi,NL,2007,,
,ZW,2007,,
"Theessink, Nalle & Møller",NL,2007,,
,DK,2007,,
Trad Lads & Green Steps,IRL,2007,,
,DK,2007,,
Trio Mio,DK,2007,,
,,2008,Tønder Festival,
,,2008,,
,,2008,,
,,2008,,
Ross Ainsley & Jaleth Henderson,SCO,2008,,
,IRL,2008,,
Altan,IRL,2008,,
The Band Who Knew Too Much,AUS,2008,,
Baskery,S,2008,,
Mary Black,IRL,2008,,
Bobadavdaw,DK,2008,,
Breabach,SCO,2008,,
Burich,,2008,,
l’Etienne New Orleans Ensemble,DK,2008,,
,D,2008,,
C.J. Chenier & The Red Hot Louisiana Band,USA,2008,,
J. P. Cormier,CAN,2008,,
Anthony da Costa,USA,2008,,
Guy Davis,USA,2008,,
"Kris Drever, John McCusker, Roddy Woomble",SCO,2008,,
The Duhks,CAN,2008,,
Justin Townes Earle,USA,2008,,
Eivør,FR,2008,,
Guy Forsyth Trio,USA,2008,,
Gráda,IRL,2008,,
,NZ,2008,,
Mathias Grip Folkflok,DK,2008,,
Bruce Guthro,CAN,2008,,
Haugaard & Høirup,DK,2008,,
"Niels Hausgaard & Allan Olsen m Thomas Buttenschøn, Laura Mo og flere gæster",DK,2008,,
Henrik Jansberg Band,DK,2008,,
Jordans Drive,DK,2008,,
Bob Kerr and his Whoopee Band,ENG,2008,,
Caleb Klauder Country Band,USA,2008,,
Seth Lakeman,ENG,2008,,
Mads Langer / Jens Lysdal / Nikolaj Busk/ Bjarke Falgren og Jacob Falgren,DK,2008,,
,,2008,,
,,2008,,
Madison Violet,CAN,2008,,
Ashley Maclsaac,CAN,2008,,
Ron Kanava & Brian McNeill,IRL,2008,,
,SCO,2008,,
Neanders Jazzband & Lillian Bouttè,DK,2008,,
,USA,2008,,
Sierra Noble,CAN,2008,,
Tim & Molly O’Brien,USA,2008,,
Oysterband,ENG,2008,,
Tom Paxton,USA,2008,,
Eddi Reader,SCO,2008,,
Seaquins / Anna Massie Band/ Emily Smith Band,SCO,2008,,
,SF,2008,,
,S,2008,,
,CAN,2008,,
,DK,2008,,
Song Island Revue,DK,2008,,
,N,2008,,
,ENG,2008,,
,USA,2008,,
Shooglenifty,SCO,2008,,
Valravn,DK,2008,,
,FR,2009,Tønder Festival,
,EC,2009,,
,,2009,,
,,2009,,
Aly Bain & Phil Cunningham,SCO,2009,,
The Band Who Knew Too Much,AUS,2009,,
Baskery,S,2009,,
Bodega,SCO,2009,,
"Anthony da Costa,& Abbie Gardner",USA,2009,,
Deep River Quartet,NL,2009,,
Béla Fleck & Abigail Washburn,USA,2009,,
Four Men and a Dog,IRL,2009,,
Dick Gaughan & Brian McNeill,SCO,2009,,
"The Guthrie Family: Arlo Guthrie, Sarah Lee Guthrie & Johnny Irion",USA,2009,,
Niels Hausgaard & Allan Olsen m Signe Svendsen og Mikael K,DK,2009,,
,,2009,,
Eileen Ivers & Immigrant Soul,USA,2009,,
Jordans Drive,DK,2009,,
Sofia Karlsson,S,2009,,
Ron Kavana,IRL,2009,"""James Keelaghan Trio"" was after ""IRL"" in the ""nationalitet"" column",
Kila,IRL,2009,,
The McCalmans,SCO,2009,"""Michael McGoldrick Big Band"" was next to ""SCO"" in the ""Nationalitet"" column",
Bruce Molsky,USA,2009,,
David Munnelly Band,IRL,2009,,
Mòrga,IRL,2009,,
,DK,2009,,
Neanders,DK,2009,,
Carlos Nünez,E,2009,,
Tim O’Brien,USA,2009,,
"Maïrtin O’Connor, Cathal Hayden & Seamie O’Dowd & Jim Higgins",IRL,2009,,
The Pine Leaf Boys,USA,2009,,
La Porta Band,DK,2009,,
Runrig,SCO,2009,,
Skipper Just Frost,DK,2009,,
Heidi Talbot,IRL,2009,,
Hans Theessink,NL,2009,,
The Unwanted,IRL,2009,,
,USA,2009,,
Le Vent du Nord,CAN,2009,,
Hannes Wader,D,2009,,
Young Dubliners,USA,2009,,
Zar,DK,2009,,
,,2010,Tønder Festival,
,,2010,,
,,2010,,
,,2010,,
Atlantihda,P,2010,,
Seamus Begley and Tim Edey,IRL,2010,,
Luka Bloom,IRL,2010,,
Roy Book Binder,USA,2010,,
Lillian Boutt’e & Burich,,2010,,
l’etienne New Orleans Ensemble,USA,2010,,
,D,2010,,
,DK,2010,,
Caladh Nua,IRL,2010,,
Karan Casey and John Doyle,IRL,2010,,
The Chair,SCO,2010,,
The Chieftains,IRL,2010,,
Coast,ENG,2010,,
“The Crew O’ The Copenhagen”: Brian McNeill,,2010,,
Drones & Bellows,SCO,2010,,
,DK,2010,,
,D,2010,,
The Duhks,CAN,2010,,
Michael Falch & Boat Man Love,DK,2010,,
Arlo Guthrie,USA,2010,,
Niels Hausgaard & Poul Dissing med Søren Krogh: Kajsa Vala: Kaspar Vig),DK,2010,,
Hot Rize : Red Knuckles & The Trailblazers,USA,2010,,
The house of Songs: Poul Krebs,DK,2010,,
Kevin Welch,USA,2010,,
Troy Yong Cambell,USA,2010,,
Matt The Electrian,USA,2010,,
Leaving A Small Town,DK,2010,,
John Jones & the Reluctant Ramblers,ENG,2010,,
Jordans Drive,DK,2010,,
Katzenjammer,N,2010,,
Pokey LaFarge & The South City Three,USA,2010,,
Brian McNeill & Ron Kavana,IRL,2010,,
,SCO,2010,,
Fred Morrison Trio,SCO,2010,,
Neanders Jazzband,DK,2010,,
Ruth Notman,ENG,2010,,
Maïrtin O’Connor Band,IRL,2010,,
Eddi Reader,SCO,2010,,
Steve Riley & The Mamou Playboys,USA,2010,,
RubberBand,DK,2010,,
Runrig,SCO,2010,,
Chris Smither,USA,2010,,
John Spillane and Mick Flannery IRL,,2010,,
Strings Attached : Masterclass workshop,DK,2010,,
The Turtle Duhks,CAN,2010,,
,USA,2010,,
Valkyrien Allstars,N,2010,,
Wolfstone,SCO,2010,,
The Works,DK,2010,,
,,2011,Tønder Festival,
,,2011,,
,,2011,,
Afenginn,DK,2011,,
ahab,ENG,2011,,
The Avett Brothers,USA,2011,,
The Band Who Knew Too Much,AUS,2011,,
La Bottine Souriante,CAN,2011,,
Paul Brady,IRL,2011,,
Chuck Brodsky,USA,2011,,
Coast,ENG,2011,,
De Temps Antan,CAN,2011,,
De Danann,IRL,2011,,
Deep River Quartet,NL,2011,,
Poul Dissing,DK,2011,,
The Dubliners,IRL,2011,,
Guy Forsyth Trio,CAN,2011,,
Frigg,FI,2011,,
Bruce & Dylan Guthro,CAN,2011,,
"Niels Hausgaard & Benny Holst med Annika Aakjær, AnneLouise Sørensen, Per Worm",DK,2011,,
Benny Holst Trio,DK,2011,,
Sarah Jarosz,USA,2011,,
Jordans Drive,DK,2011,,
Katzenjammer,N,2011,,
Kaufis Fodkølere,DK,2011,,
"Dwight Lamb, Jensen & Bugge",USA,2011,,
,DK,2011,,
Pokey LaFarge & The South City Three,USA,2011,,
Lost Bayou Ramblers,USA,2011,,
Rasmus Lyberth,DK,2011,,
Lünasa,IRL,2011,,
Paul McKenna Band,SCO,2011,,
Sigrid Moldestad,N,2011,,
The New Rope String Band,ENG,2011,,
"Tim O’Brien, Dirk Powell & Arty McGlynn",USA,2011,,
,IRL,2011,,
The Once,CAN,2011,,
Nathan Rogers,CAN,2011,,
Salsa Celtica,SCO,2011,,
,ENG,2011,,
Skerryvore,SCO,2011,,
Chris Smither,USA,2011,,
Emily Smith,SCO,2011,,
C.W.Stoneking & His Primitive Horn Orchestra,AUS,2011,,
,,2011,,
Tumult,DK,2011,,
,,2012,Tønder Festival,
,,2012,,
,,2012,,
ahab,ENG,2012,,
Cody,DK,2012,,
The Bonny Men,IRL,2012,,
"Blues Karavanen: HP Lange & The Delta Connection, Paul Banks, Kenny Brown, Peter Nande, Tim Lothar, Svante Sjøblom, Troels Jensen, Mick Schack, Paul junior, Jens Christian Dam",DK,2012,,
,,2012,,
Adam Cohen,CAN,2012,,
The Coronas,IRL,2012,,
Ross Couper & Tom Oakes,SCO,2012,,
Lukas Graham,DK,2012,,
Anthony da Costa,USA,2012,,
The Deep Dark Woods,CAN,2012,,
Deer Tick,USA,2012,,
The Electic Moniker,DK,2012,,
Folk Spot: Hal & Nikolaj,DK,2012,,
Jansberg Band,DK,2012,,
Phønix Himmerland,DK,2012,,
Fiolministeriet,DK,2012,,
Basco,DK,2012,,
David Francey,CAN,2012,,
Eliza Gilkyson,USA,2012,,
"The Guthrie Family: Arlo guthrie, Sarah Lee Guthrie & Johnny Irion, Abe Guthrie, Krishna Guthrie, Mo Guthrie, Terry Hall",USA,2012,,
Habadekuk,DK,2012,,
Niels Hausgaard & Allan Olsen: Mette Kierkegaard,DK,2012,,
Huxi Bach),DK,2012,,
Hudson Taylor,IRL,2012,,
I Draw Slow,IRL,2012,,
Mikael K & Klondyke,DK,2012,,
"Ron Kavana, Tim O’Brien & Brian McNeill",IRL,2012,,
,USA,2012,,
,SCO,2012,,
Meschiaya Lake & The Little big Horns,USA,2012,,
The Low Anthem,USA,2012,,
Mänran,SCO,2012,,
New Country Rehab,CAN,2012,,
Oh My Darling,CAN,2012,,
Oysterband & June Tabor,ENG,2012,,
Plainsong,ENG,2012,,
Dirk Powell & Cedrik Watson,USA,2012,,
Runrig,SCO,2012,,
The Saw Doctors,IRL,2012,,
Skerrywore,SCO,2012,,
Sorten Muld,DK,2012,,
Tako Lako,DK,2012,,
Heidi Talbot Trio,IRL,2012,,
,SCO,2012,,
Hans Theessink,NL,2012,,
Le Vent du Nord,CAN,2012,,
Woody Guthrie 100,USA,2012,,
"A Tribute to Woody Guthrie 1: Woody på dansk m Laura Mo, Benny Holst, Erik Grip, Mikael K, Søren Krogh, Gry Harrit, Arne Würgler, Channe Nussbaum, Laura Illerborg, Tania Wiit Kusk, Jens Lysdal",DK,2012,,
"A Tribute to Woody Guthrie 2: Niels Hausgaard, Allan Olsen, Hans Theessink, Tim O’Brien, Eliza Gilkyson Trio & The Guthrie Family: Arlo Guthrie, Abe Guthrie, Sarah Lee Guthrie, Johnny Irion, Mo Guthrie, Krishna Guthrie, Terry Hall",DK,2012,,
,USA,2013,Tønder Festival,
,NL,2013,,
,,2013,,
,,2013,,
Admiral Fallow,UK,2013,,
Ross Ainslie & Jarlath Henderson Band,UK,2013,,
Jonas Alaska,N,2013,,
The Avett Brothers,USA,2013,,
The Barr Brothers,CAN,2013,,
Billy Bragg,UK,2013,,
Carolina Chocolate Drops,USA,2013,,
Duncan Chisholm,UK,2013,,
Adam Cohen,CAN,2013,,
Guy Davis,USA,2013,,
Dervish,IRL,2013,,
Cara Dillon,IRL,2013,,
Povl Dissing,DK,2013,,
Floggin Molly,USA,2013,,
"Folk Spot: Asynje,Nordens tone, Trias, Svøbsk, Tradish, Fromseier Hockings",DK,2013,,
Folkeklubben,DK,2013,,
Matt Gordon & Leonard Podolak,CAN,2013,,
Lukas Graham,DK,2013,,
The Great Malarkey,UK,2013,,
"Niels Hausgaard & Allan Olsen med Huxi Bach , Rikke Mølbæk , Kristian Leth",DK,2013,,
Hudson Taylor,IRL,2013,,
Pokey LaFarge,USA,2013,,
Meschiya Lake & The Little Big Horns,USA,2013,,
Mads Langer,DK,2013,,
LAU,UK,2013,,
Kristian Leth & Dreamers Cirkus,DK,2013,,
Troy MacGillivray,CAN,2013,,
Mariza,P,2013,,
Neanders,DK,2013,,
Niamh Ni Charra,IRL,2013,,
Sine’ad O’Connor,IRL,2013,,
Allan Olsen,DK,2013,,
The Pine Leaf Boys,USA,2013,,
Red Molly,USA,2013,,
The Revelers,USA,2013,,
Red Stick Ramblers:,USA,2013,,
Joel Savoy,USA,2013,,
Corey Porche,USA,2013,,
,,2013,,
Kathryn Roberts & Sean Lakeman,UK,2013,,
Kate Rusby,UK,2013,,
The Spooky Mens Chorale,AUS,2013,,
Tupelo,IRL,2013,,
The Whileaways,IRL,2013,,
The White Album,DK,2013,,
,,2014,Tønder Festival Nr. 40,
,,2014,,
Big Basco,DK,2014,,
"Blues Karavanen: HP Lange, Paul junior, Jens Kristian Dam, Tim Lothar, Peter Nande, Svante Sjøblom",DK,2014,,
John Boutte’ Band,USA,2014,,
Chuck Brodsky,USA,2014,,
Hayes Carll,USA,2014,,
The Chieftains,IRL,2014,,
Deer Tick,USA,2014,,
Alan Doyle Band,CAN,2014,,
Dreamers Circus,DK,2014,,
,S,2014,,
Steve Earle,USA,2014,,
Eivør,FO,2014,,
folkBALTICA Ensemple,DK,2014,,
Foghorn Stringband & Cajun Country Revival,USA,2014,,
Folkeklubben,DK,2014,,
"Folk Spot: Himmerland, Dreamers Cirkus, Habadekuk, Basco, Jensen & Bugge, Rannok, Jens Lysdal, Trolska Polska )",DK,2014,,
Julie Fowlis,SCO,2014,,
John Fullbright,USA,2014,,
Sarah Lee Guthrie & Johnny Irion,USA,2014,,
Habadekuk,,2014,,
Harald Haugaard Band feat. Helene Blum,DK,2014,,
"Niels Hausgaard & Allan Olsen med Laura Mo, Huxi Bach",DK,2014,,
Hudson Taylor,IRL,2014,,
Eileen Ivers & Immigrant Soul,USA,2014,,
Michael K & Klondyke,,2014,,
Alan Klitgaard Band,DK,2014,,
,,2014,,
"Poul Krebs & Friends: Henning Kvitnes, Ida Jenshus, Kevin and Dustan Welsh",DK,2014,,
,N,2014,,
,S,2014,,
,USA,2014,,
Seth Lakeman,ENG,2014,,
The Lone Bellow,USA,2014,,
Lynched,IRL,2014,,
Madison Violet,CAN,2014,,
"John McCuster, John Doyle & Michael McGoldrick",SCO,2014,,
,USA,2014,,
,UK,2014,,
The Outside Track,CAN,2014,,
,SCO,2014,,
,IRL,2014,,
Oysterband,UK,2014,,
Dirk Powell & Cedric Watson,USA,2014,,
Runrig,SCO,2014,,
"Sheesham, and Lotus & ’Son",CAN,2014,,
Rod Sinclair Band,,2014,,
Sesscape,DK,2014,,
Skerrywore,SCO,2014,,
The Stray Birds,USA,2014,,
Le Vent du Nord,CAN,2014,,
Martha Wainwright,CAN,2014,,
We Banjo 3,IRL,2014,,
Richard Wood,CAN,2014,,
,,2015,Tønder Festival,
,,2015,,
,,2015,,
Adam Holmes and The Embers,SCO,2015,,
Allan Taylor,UK,2015,,
Band Battle New Orleans Style,USA,2015,,
,DK,2015,,
Bellowhead,ENG,2015,,
Chris Smither,USA,2015,,
Danù,IRL,2015,,
Dreamers’ Circus & The Danish String Quartet,DK,2015,,
,S,2015,,
Eleanor Shanley,IRL,2015,,
Fanø/Cape Breton Night,DK,2015,,
,CAN,2015,,
Fara,SCO,2015,,
folkBALTICA Ensemple,DK,2015,,
,D,2015,,
Folkeklubben,DK,2015,,
"Folk Spot denmark 2015 : Northern Assemply, Lukkif, Ida Wenøe & The Silver Cords, Elend Viken Trio, Jansberg, Phønix, Maja & David, M.C. Hansen",DK,2015,,
,NO,2015,,
Greg Russell og Ciaran Algar,UK,2015,,
Hans Theessink,NL,2015,,
Hayseed Dixie,USA,2015,,
Helene Blum & Harald Haugaard Band,DK,2015,,
Hot Rize,USA,2015,,
Jacob Dinesen,DK,2015,,
John Prine,USA,2015,,
Jonah Blacksmith,DK,2015,,
Kathryn Tickell & The Side,UK,2015,,
Kepa Junkera,E,2015,,
King James & The Special Men,USA,2015,,
La Bottine Souriante,CAN,2015,,
Lynn Miles,CAN,2015,,
Maja & David,DK,2015,,
,CAN,2015,,
Mames Babegenush,DK,2015,,
Mànran,SCO,2015,,
Mary Gauthier,USA,2015,,
Meschiya Lake & The Little Big Horns,USA,2015,,
Mike Andersen,DK,2015,,
Niels Hausgaard med gæster,DK,2015,,
Poul Krebs & venner,DK,2015,,
,N,2015,,
,S,2015,,
Richard J. Dobson,USA,2015,,
Richard Thompson,UK,2015,,
ROD,DK,2015,,
Ron Kavana,IRL,2015,,
Rura,SCO,2015,,
"Sheesham, Lotus & ’son",CAN,2015,,
Skerryvore,SCO,2015,,
Spiro,UK,2015,,
Sturgill Simpson,USA,2015,,
Ten Strings And A Goat Skin,CAN,2015,,
The Barra MacNeils,CAN,2015,,
The Bros Landreth,CAN,2015,,
The East Pointers,CAN,2015,,
The Great Malarkey,UK,2015,,
The Hot Seats,USA,2015,,
The Lone Bellow,USA,2015,,
The Sexian,DK,2015,,
The Stray Birds,USA,2015,,
The Wailin’ Jennys,CAN,2015,,
The Wood Brothers,USA,2015,,
Three Tall Pines,USA,2015,,
Townes Van Zandt Tribute,NL,2015,,
,USA,2015,,
Usher’s Island,IRL,2015,,
,,2016,Tønder Festival,
,,2016,,
,,2016,,
A.J. Croce,USA,2016,,
Adam Holmes and The Embers,SCO,2016,,
Anderson East,USA,2016,,
The Avett Brothers,USA,2016,,
Barra Macneils,CAN,2016,,
Ben & Anita,USA,2016,,
,CAN,2016,,
Big Daddy Wilson,USA,2016,,
Blind Boys Of Alabama,USA,2016,,
"A Blues & Roots Revue: Hans Theessink Band, Eric Bibb og Big Daddy Wilson",USA,2016,,
,NL,2016,,
Caitlin Canty,USA,2016,,
The Chair,SCO,2016,,
Corey Ledet,USA,2016,,
The Dead South,CAN,2016,,
Del Barber,CAN,2016,,
Dustbowl Revival,USA,2016,,
"Eddi Reader, Sofia Karlsson & Cathy Jordan med Gustaf Ljunggren og Roger Tallroth",SCO,2016,,
,IRL,2016,,
,S,2016,,
The Elephant Sessions,SCO,2016,,
Eliza Carthy And The Wayward Band,UK,2016,,
Eric Bibb,USA,2016,,
Flook,IRL,2016,,
FolkBaltica Ensemble,DK,2016,,
,D,2016,,
"Folkspot: Basco + Julie Hjetland, Himmerland, Fru Skagerrak, Sherzandium, Fromseier/Hockings, D.U.K., Elof & Wamberg, Odde & Holmen",DK,2016,,
,N,2016,,
Fortunate Ones,CAN,2016,,
"Graham, Guthrie, Mcconnell & Podolak with Lovely Friends and Speciel Guests",DK,2016,,
,USA,2016,,
,CAN,2016,,
Hans Theessink Band,NL,2016,,
,A,2016,,
,ZW,2016,,
Hudson Taylor,IRL,2016,,
Jacob Dinesen,DK,2016,,
Jason Isbell,USA,2016,,
Jeffrey Foucault,USA,2016,,
Jonah Blacksmith,DK,2016,,
Karine Polwart,SCO,2016,,
King James & The Special Men,USA,2016,,
Kira Skov,DK,2016,,
Mánran,SCO,2016,,
Margo Price,USA,2016,,
Mary Gauthier,USA,2016,,
Mick Flannery,IRL,2016,,
Niels Hausgaard,DK,2016,,
Niels Skousen,DK,2016,,
The Nordic Fiddlers Bloc,N,2016,,
,S,2016,,
,SCO,2016,,
The Panorama Jazz Band,USA,2016,,
Peatbog Faeries,SCO,2016,,
Rob Ickes & Trey Hensley,USA,2016,,
Rock My Soul: Feat. Mccrary Sisters & Fairfield Four,USA,2016,,
ROD,DK,2016,,
Rosanne Cash with John Leventhal,USA,2016,,
Ross Ainslie & Jarlath Henderson Band,SCO,2016,,
,IRL,2016,,
Rura,SCO,2016,,
Scott Wood Band,SCO,2016,,
Shooglenifty,SCO,2016,,
Signe Svendsen,DK,2016,,
Spirit Family Reunion,USA,2016,,
The Steel Wheels,USA,2016,,
,,2016,,
The String Sisters,USA,2016,,
,S,2016,,
,N,2016,,
,SCO,2016,,
,IRL,2016,,
Talisk,SCO,2016,,
Ten Strings and A Goat Skin,CAN,2016,,
Three Tall Pines,USA,2016,,
Tim O’Brien,USA,2016,,
Tina Dickow,DK,2016,,
Treacherous Orchestra,SCO,2016,,
Triakel,S,2016,,
Väsen,SE,2016,,
,,2017,Tønder Festival,
,,2017,,
,,2017,,
A. J. Croce,USA,2017,,
Afenginn & Glas,DK,2017,,
,NO,2017,,
,FO,2017,,
,FI,2017,,
Allan Olsen,DK,2017,,
Altan,IRL,2017,,
Anderson East,USA,2017,,
Beoga,IRL,2017,,
Colter Wall,CAN,2017,,
Dallahan,SCO,2017,,
,IRL,2017,,
Daniel Norgren,S,2017,,
Danni Nicholls,ENG,2017,,
Daoirï Farrell Trio,IRL,2017,,
Darlingside,USA,2017,,
Dorthe Gerlach,DK,2017,,
The Dustbowl Revival,USA,2017,,
Fara,SCO,2017,,
Folkbaltica Ensemble,DK,2017,,
,D,2017,,
"FOLK SPOT : Floating Sofa Quartet, World On A String, Spöket i Köket, Mallebrok, Det Yderste Hav, Zenobia, Andreas Tophøj & Rune Barslund, Julie Alapnes",DK,2017,,
,S,2017,,
,FI,2017,,
,N,2017,,
Folkekons,DK,2017,,
Foy Vance,UK,2017,,
Frigg,FI,2017,,
Gentlemen’s Circle,USA,2017,,
,CAN,2017,,
,IRL,2017,,
Grant,,2017,,
Lee Phillips,USA,2017,,
Greg Russel og Ciaran Algar,UK,2017,,
Hans Theessink & Terry Adams,NL,2017,,
,USA,2017,,
Homesick Hank,DK,2017,,
Hush,DK,2017,,
Ímar,SCO,2017,,
,IRL,2017,,
Jacob Dinesen,DK,2017,,
John Moreland,USA,2017,,
Jonah Blacksmith,DK,2017,,
Kaia Kater,CAN,2017,,
Karl Blau,USA,2017,,
Kentaur,DK,2017,,
King James & The Special Men,USA,2017,,
Laura Mo,DK,2017,,
Leyla Mccalla,USA,2017,,
Lion Bear Fox,CAN,2017,,
Loudon Wainwright lll,USA,2017,,
Lucinda Williams,USA,2017,,
Marc Cohn,USA,2017,,
Mick Flannery,IRL,2017,,
Muireann Nic Amhlaoib med Seamus Begley & Donogh Hennesy,IRL,2017,,
Niels Hausgaard,DK,2017,,
Nive Nielsen,GL,2017,,
Parker Millsap,USA,2017,,
Réalta,IRL,2017,,
Red Hot Chilli Pipers,SCO,2017,,
Rod,DK,2017,,
Romengo,HUN,2017,,
Sam Kelly & The Lost Boys,ENG,2017,,
Sam Outlaw,USA,2017,,
Sarah Jarosz,USA,2017,,
The Savage Rose,DK,2017,,
Shovels & Rope,USA,2017,,
Signe Svendsen,DK,2017,,
Skandinaviske Rødder,DK,2017,,
,S,2017,,
The Small Glories,,2017,,
,CAN,2017,,
Socks In The Frying Pan,IRL,2017,,
Spirit Family Reunion,USA,2017,,
Talisk,SCO,2017,,
Tami Neilson,CAN,2017,,
,NZ,2017,,
Trad.Attack!,EST,2017,,
Ulaid,IRL,2017,,
William Prince,CAN,2017,,
Women’s Circle,UK,2017,,
,CAN,2017,,
,NZ,2017,,
,DK,2017,,
Yola Carter,ENG,2017,,
Young Seminole Hunters : Mardi Gras Indianere,USA,2017,,
,,2018,Tønder Festival,
,,2018,,
,,2018,,
3Hattrio,USA,2018,,
All Ouer Exes Live in Texas,AUS,2018,,
Allan Taylor,UK,2018,,
Anne Linnet,DK,2018,,
Annika Aakjær,DK,2018,,
Basco & DR Big Band,DK,2018,,
Bastard Kvintet,DK,2018,,
"BB King Tribute Feat. Mike Andersen, Shaka & James Loveless, Thorbjørn Risager, Henrik Freischlader, Morten Larsen samt Band",DK,2018,,
,D,2018,,
The Bros. Lendreth,CAN,2018,,
The Brother Brothers,USA,2018,,
Caamp,USA,2018,,
The Chair,SCO,2018,,
Cóig,CAN,2018,,
Colter Wall,CAN,2018,,
Darlingside,USA,2018,,
David Ramirez,USA,2018,,
The Dead South,CAN,2018,,
Dusty Heart,USA,2018,,
The East Pointers,CAN,2018,,
The Elephant Sessions,SCO,2018,,
Folkbaltica Ensemble,DK,2018,,
,D,2018,,
Folkekons,DK,2018,,
"Folk Spot Denmark : Huldreflokk, Louise Støjberg /Martin Rauff, Pøbel, Mary Jean, Vingefang, Hudna, Elmøe & Hoffmann, Raabyg",DK,2018,,
,S,2018,,
,N,2018,,
Gawurra,AUS,2018,,
Gentlemens Circle,USA,2018,,
,CAN,2018,,
,AUS,2018,,
,DK,2018,,
Gordie Mackeeman And His Rhytm Boys,CAN,2018,,
Ìmar,SCO,2018,,
,IRL,2018,,
Irish Mythen,IRL,2018,,
JD Mcphearson,USA,2018,,
Jeffrey Foucault,USA,2018,,
Joey Landreth,CAN,2018,,
Jolie Holland & Samantha Parton,USA,2018,,
,CAN,2018,,
Kellermensch,DK,2018,,
Lankum,IRL,2018,,
Laura Mo,DK,2018,,
The Lone Bellow,USA,2018,,
Lukas Graham,DK,2018,,
Luke Winslow,,2018,,
King,USA,2018,,
Lúnasa,IRL,2018,,
Mari Boine,N,2018,,
The Mavericks,USA,2018,,
Melissa Horn,S,2018,,
Michael Falch og Dét Band,DK,2018,,
"Michael Mcgoldrick, John Mccusker & John Doyle",SCO,2018,,
,IRL,2018,,
,UK,2018,,
Mikael Wiehe,S,2018,,
Mike Andersen Band,DK,2018,,
Niels Hausgaard,DK,2018,,
Nive Nielsen & The dear Children,GRL,2018,,
Northern Assembly,DK,2018,,
Oysterband,UK,2018,,
Parker Millsap,USA,2018,,
Paul Cauthen,USA,2018,,
Pretty Archie,CAN,2018,,
Rasmus Lyberth,GRL,2018,,
Richard Inman,CAN,2018,,
Romengo,HUN,2018,,
Sam Kelly & The lost Boys,UK,2018,,
Sam Outlaw,USA,2018,,
The Secret Sisters,USA,2018,,
Sharon Shannon,IRL,2018,,
Skerrywore,SCO,2018,,
Skipinnish,SCO,2018,,
Sophie Zelmani,S,2018,,
Søren Hush,DK,2018,,
Tami Neilson,CAN,2018,,
,NZ,2018,,
Tide Lines,SCO,2018,,
Tyler Childers,USA,2018,,
Vassvik,NO,2018,,
Vishtén,CAN,2018,,
,,2019,Tønder Festival,
,,2019,,
,,2019,,
Adam Holmes & The Embers,SCO,2019,,
Arcade Feat: Heidi Talbot & Adam Holmes,IRL,2019,,
,SCO,2019,,
Birds of Chicago,USA,2019,,
,CAN,2019,,
Bjørn Eidsvåg,NO,2019,,
Blair Dunlop,UK,2019,,
Breabach,SCO,2019,,
Caitlin Canty,USA,2019,,
Calum Stewart,SCO,2019,,
Charley Crockett,USA,2019,,
Chris Smither,USA,2019,,
Dan Sultan,AUS,2019,,
Daniel Norgren,SE,2019,,
Delgres,FR,2019,,
Dervish,IRL,2019,,
Dreamer’s Cirkus,DK,2019,,
,S,2019,,
The East Pointers,CAN,2019,,
Elephant Sessions,SCO,2019,,
Esben Just,DK,2019,,
Finbar Furey,IRL,2019,,
Folkbaltica Ensemble,DK,2019,,
,D,2019,,
Folkeklubben,DK,2019,,
"Folk Spot Denmark: Fromseiers Hocking, Mads Hansens Kapel , Odde og Nilssen, Phønix og Embla, Rannok, Trio Svin, Vesselil, Vììk",NO,2019,,
,SE,2019,,
,DK,2019,,
Gentlemen’s Circle,USA,2019,,
,CAN,2019,,
,AUS,2019,,
,SK,2019,,
Ghost Of Paul Revere,USA,2019,,
Greg Russell & Ciaran Algar,UK,2019,,
Gregory Alan Isakov,ZA,2019,,
,USA,2019,,
Hudson Taylor,IRL,2019,,
Ian Noe,USA,2019,,
Ímar,SCO,2019,,
,IRL,2019,,
Irish Mythen,IRL,2019,,
Jacob Dinesen,DK,2019,,
James Keelaghan,CAN,2019,,
Jenn Grant,CAN,2019,,
"Joel Savoy, Jesse Lége & Kelli Jones",USA,2019,,
John Moreland,USA,2019,,
John Prine,USA,2019,,
John Smith,UK,2019,,
Jonah Blacksmith,DK,2019,,
Julie Fowlis,SCO,2019,,
Kate Rusby,UK,2019,,
Les Poules à Colin,CAN,2019,,
Leslie Stevens,USA,2019,,
Lion Bear Fox,CAN,2019,,
Luke Winslow,,2019,,
King,USA,2019,,
Maija Kauhanen,FI,2019,,
Mandolin Orange,USA,2019,,
Martin Harley,UK,2019,,
Max Gomez,USA,2019,,
Niels Hausgaard,DK,2019,,
"Niels Hausgaard 75 års fødselsdagsfest: Niels Hausgaard,  Signe Svendsen, Allan Olsen, Steffen Brandt, Huxi Bach, Finbar Furey, Marie Key, Kjartan Arngrin, Laura Mo, Christian Alvad, Ian McCalman",DK,2019,,
Old man Luedecke CAN,,2019,,
Patty Griffin,USA,2019,,
Paul Cauthen,USA,2019,,
Plantec,FR,2019,,
Paul Krebs & Henning Kvitnes med Band,DK,2019,,
,NO,2019,,
Ruston Kelly,USA,2019,,
The Savage Rose,DK,2019,,
Shaun Ferguson,CAN,2019,,
Skipinnish,SCO,2019,,
Startijenn,FR,2019,,
Susto,USA,2019,,
Tide Lines,SCO,2019,,
The Tweed Project,ENG,2019,,
,SCO,2019,,
Tyler Childers,USA,2019,,
The Unwanted,USA,2019,,
,IRL,2019,,
Vishtén,CAN,2019,,
William Crighton,AUS,2019,,
Women’s Circle,USA,2019,,
,CAN,2019,,
,IRL,2019,,
,DK,2019,,
,,2021,,
,,2021,,
,,2021,,
Sharon Shannon,IRL,2021,,
Fara,SCO,2021,,
Calby,DK,2021,,
Dorthe Gerlach,DK,2021,,
Bjørn Eidsvåg,NO,2021,,
Hymns from Nineveh,DK,2021,,
Mary Gauthier,USA,2021,,
Watkins Family Hour,USA,2021,,
Delgres,FR,2021,,
"Michael Mcgoldrick, John McCusker & John Doyle",SCO,2021,,
,IRL,2021,,
,UK,2021,,
Niels Hausgaard,DK,2021,,
The Deep Dark Woods,CAN,2021,,
Kira Skov,DK,2021,,
Dylan LeBlanc,USA,2021,,
Who Killed Bambi,DK,2021,,
Helene,,2021,,
Nr.47,,2021,,
Blum & Harald Haugaard med Roger Tallroth,DK,2021,,
,S,2021,,
,,2021,,
,,2022,Tønder Festival,
,,2022,,
,,2022,,
9Bach,WAL,2022,,
Allison Russell,CAN,2022,,
Amathyst Kiah,USA,2022,,
Anna Tivel,USA,2022,,
Bjørn Eidsvåg,NO,2022,,
Blazin’ Fiddlers,SCO,2022,,
Blue Rose Code,SCO,2022,,
Calby,DK,2022,,
Cara Dillon,IRL,2022,,
Cedric Burnside,USA,2022,,
Christopher Paul Stelling,USA,2022,,
Còig,CAN,2022,,
Connie Kaldor,CAN,2022,,
Dave Gunning,CAN,2022,,
Del Barber,CAN,2022,,
Efterklang med Sønderjysk Pigekor,DK,2022,,
Eilen Jewell,USA,2022,,
Elephant Sessions,SCO,2022,,
"FOLK SPOT DENMARK: Kajsa Balta, Barani, CPH Slim, Fionia Folk Brothers, Flach, Dillner, Grabow & Guldhammer, Jørgensen og Sørensen, Tone of Voice Orchestra",DK,2022,,
,SE,2022,,
,NO,2022,,
Folkbaltica Ensemble,DK,2022,,
,D,2022,,
Fourth Moon,IT,2022,,
,FR,2022,,
,AT,2022,,
,SCO,2022,,
Gentlemen’s Circle,USA,2022,,
,NL,2022,,
,UK,2022,,
"Gumbo, Grits & Gravy",USA,2022,,
Hans Theessink & Knud Møller,NL,2022,,
,DK,2022,,
Heidi Talbot,IRL,2022,,
Hogslop String Band,USA,2022,,
Hymns from Nineveh,DK,2022,,
Ian Noe,USA,2022,,
Ida Gard,DK,2022,,
Irish Mythen,IRL,2022,,
Jeffrey Martin,USA,2022,,
Jerron Paxton,USA,2022,,
Katie Pruitt,USA,2022,,
Keb’ Mo’,USA,2022,,
Folkhistorier: Klaus Lyngggaard & Klaus Queitsch,DK,2022,,
Kunsten at glædes i kor,DK,2022,,
Lars Lilholt Band,DK,2022,,
Madrugada,NO,2022,,
Margo Cilker,USA,2022,,
Michael McGoldrick: Fused 20th,ENG,2022,,
Mick Flannery & Susan O’Neill,IRL,2022,,
Mike Elrington,AUS,2022,,
Mikael K///Dj SET,DK,2022,,
Mikael K ///Klondyke,DK,2022,,
Niels Hausgaard,DK,2022,,
Ordinary Elephant,USA,2022,,
Povl Dissing Hyldestkoncert,DK,2022,,
,SE,2022,,
,USA,2022,,
,GL,2022,,
Red Hot Chilli Pipers,SCO,2022,,
Rikke Thomsen,DK,2022,,
Rura,SCO,2022,,
Saint Sister,IRL,2022,,
Sarah Hagen,CAN,2022,,
Sean Rowe,USA,2022,,
Signe Svendsen,DK,2022,,
Siobhan Miller,SCO,2022,,
Skerryvore,SCO,2022,,
Som os,,2022,,
en rejse i dansk,DK,2022,,
Stine Klingsten,DK,2022,,
Tami Neilson,CAN,2022,,
,NZ,2022,,
The Ballroom Thieves,USA,2022,,
The Friel Sisters,SCO,2022,,
The Ghost of Paul Revere,USA,2022,,
The Henry Girls,IRL,2022,,
The Mavericks,USA,2022,,
The Once,CAN,2022,,
The Small Glories,CAN,2022,,
Tide Lines,SCO,2022,,
Vincent Neil Emerson,USA,2022,,
William Crighton,AUS,2022,,
Womens Circle,USA,2022,,
,CAN,2023,Tønder Festival,
,IRL,2023,,
,DK,2023,,
Adyn Townes,CAN,2023,,
Alisa Amador,USA,2023,,
Allan Olsen,DK,2023,,
Altan,IRL,2023,,
Aoife O’Donovan,USA,2023,,
Ariel Posen,CAN,2023,,
Aysanabee,CAN,2023,,
Aysay,DK,2023,,
Baby did A Bad Thing,DK,2023,,
Bjonko,DK,2023,,
Blackberry Smoke,USA,2023,,
Buffalo Nichols,USA,2023,,
Caleb Klauder & Reeb Williams Country Band with special guest vocalist Lukas Graham,USA,2023,,
,DK,2023,,
David Ramirez,USA,2023,,
David Ritschard,SE,2023,,
Det Yderste Hav,DK,2023,,
Dustbowl Revival,USA,2023,,
E´.T.E´.,CAN,2023,,
Emily Scott Robinson,USA,2023,,
FolkSpot: Azur Azur,DK,2023,,
FolkSpot: Danish Fiddle Quartet,DK,2023,,
FolkSpot: Erlend Trio,NO,2023,,
FolkSpot: Folkens,DK,2023,,
FolkSpot: Høst,DK,2023,,
FolkSpot: Optur,DK,2023,,
FolkSpot: Solsort,DK,2023,,
FolkSpot: Sylfide,DK,2023,,
Folkbaltica Ensemplet,DK,2023,,
,D,2023,,
Folkhistorier med Klaus Lynggaard & Henrik Queitsch,DK,2023,,
Frankie Gavin & De Dannan,IRL,2023,,
Gentlemen’s Circle,USA,2023,,
,CAN,2023,,
,IRL,2023,,
Gnoss,SCO,2023,,
Graham Nash,USA,2023,,
Hackensaw Boys,USA,2023,,
"Home: Sange til Unge Hjemløse: Feat. Poul Krebs, Henning Kvitnes, Kira Skov, Steen Jørgensen m.fl.",DK,2023,,
,N,2023,,
Israel Nash,USA,2023,,
Jeremy Dutcher,CAN,2023,,
Jim Lauderdale,USA,2023,,
Joachim Cooder,USA,2023,,
Joshua Ray Walker,USA,2023,,
Kelsey Waldon,USA,2023,,
Ki´la,IRL,2023,,
Kristian Bach,DK,2023,,
Kunsten at glædes i kor,DK,2023,,
Lawrence Maxwell,CAN,2023,,
Leftover Salmon,USA,2023,,
Liam O´Maonlai´,IRL,2023,,
Lisa O ´Neill,IRL,2023,,
Mallemuk,DK,2023,,
Margo Cilker,USA,2023,,
Mec Lir,SCO,2023,,
,,2023,,
"Michael McGoldrick, John Mcusker & John Doyle",EN,2023,,
,SCO,2023,,
Mikael K & Landstyrgerne,DK,2023,,
Nickel Creek,USA,2023,,
Niels Hausgaard og Martin Schack,DK,2023,,
Niteworks,SCO,2023,,
Roo Panes,,2023,,
,ENG,2023,,
"Ross Ainslie, Ali Hutton & Owen Sinclair",SCO,2023,,
Sarah Jarosh,USA,2023,,
Shane Smith & The Saints,USA,2023,,
Sierra Ferrell,USA,2023,,
Sorten Muld,DK,2023,,
Tejon Street Corner Thieves,USA,2023,,
The Dead South,CAN,2023,,
The Local Honeys,USA,2023,,
The Mary Wallopers,IRL,2023,,
The Tarantino Twist Show,DK,2023,,
The Unthanks,ENG,2023,,
Twang,DK,2023,,
Violet Bell,USA,2023,,
William Torp,DK,2023,,
Willie Stratton,CAN,2023,,
Women’s Circle,USA,2023,,
,,2023,,
,,2024,Tønder festivalens 50 år jubilæumsår,
,,2024,,
Albin Lee Meldau,SE,2024,,
Asleep At the Wheel,USA,2024,,
Big Bike Orchestra,PL,2024,,
Bjørn Eidsvåg Feat. Sønderjyllands Symfoniorkester,NO,2024,,
,DK,2024,,
Brent Cobb,USA,2024,,
Capercaillie,SCO,2024,,
Dan Sultan,AUS,2024,,
David Ritschard,SE,2024,,
Drew Holcumb and The Neighbors,USA,2024,,
Elephant Sessions,USA,2024,,
Elles Bailey,ENG,2024,,
Fara,SCO,2024,,
FolkSpot: Maja Kjær Si Orkester,DK,2024,,
FolkSpot: Simone Tang,DK,2024,,
FolkSpot: Som Os,DK,2024,,
FoklSpot: Svøbsk,DK,2024,,
FolkSpot: The Mukherjee Development,DK,2024,,
FolkSpot: Trio Mio,DK,2024,,
FolkeSpot: Twang,DK,2024,,
Folkbaltica Ensemblet,DK,2024,,
,D,2024,,
Folkeklubben,DK,2024,,
Folkhistorier med Klaus Lynggaard og Henrik Queitsch,DK,2024,,
Foy Vance,UK,2024,,
Gaffa Talks på Tønder Festival,DK,2024,,
Gangar,NO,2024,,
Gentlemen’s Circle,USA,2024,,
,CAN,2024,,
,NL,2024,,
,EAU,2024,,
Guldimund,DK,2024,,
Hans Theessink & Blue Grove,NL,2024,,
,USA,2024,,
,UK,2024,,
,GRN,2024,,
Hush,DK,2024,,
Jacob Dinesen,DK,2024,,
Jake Vadeland,CAN,2024,,
Jeffrey Martin,USA,2024,,
Jiggy,IRL,2024,,
Jim Lauderdale & The Game Changers,USA,2024,,
Jon Muq,EAU,2024,,
,USA,2024,,
Jonah Blacksmith,DK,2024,,
"Jubilæumskoncert 2024: Harald Haugaard & Helene Blum, Poul Krebs, Signe Svendsen, Rikke Thomsen, Niels Hausgaard, Allan Taylor, Jacob Dinesen, Jonah Blacksmith m kusine Dina Dánialsdottir, Kellie Loder, Hans Theessink, Albin Lee Meldau, Mary Gauthier, Jaimee Harris, Tim O’Brien, Jan Fabricius, Candace Lacina, Eleanor Shanley m fl",NA,2024,,
Julie Fowlis,SCO,2024,,
Justine Boesen,DK,2024,,
Kassi Valazza,USA,2024,,
Katie Pruitt,USA,2024,,
Kellie Loder,CAN,2024,,
Kinnaris Quintet,SCO,2024,,
Kunsten at glædes I kor,DK,2024,,
Leftover Salmon,USA,2024,,
Melissa Horn,SE,2024,,
Niels Hausgaard,DK,2024,,
Nyborg Station på P5,DK,2024,,
,,2024,,
Peatbog Faeries,SCO,2024,,
Phosporescent,USA,2024,,
Radio Mars: brunch med brødrene,DK,2024,,
,,2024,,
Rickie Lee Jones,USA,2024,,
Rodney Crowell,USA,2024,,
S.G.Goodman,USA,2024,,
Sebastian Wolff,DK,2024,,
Sivert Høyem,NO,2024,,
Skerryvore,SCO,2024,,
Skipinnish,SCO,2024,,
Sylfide,DK,2024,,
The Bros. Landreth,CAN,2024,,
The Hello Darlins,CAN,2024,,
The McCrary Sisters,USA,2024,,
The Wood Brothers,USA,2024,,
True Heart Troubadours: TimO’brien with Jan Fabricius & Mary Gauthier with Jamee Harris,USA,2024,,
Vincent Neil Emerson,USA,2024,,
"Womens Circle: Mary Gauthier, Jamee Harris, Candace Lacina, Julie Fowlis, Signe Svendsen",USA,2024,,
,CAN,2024,,
,SCO,2024,,
,DK,2024,,
Xabi Aburruzaga,EUS,2024,,
,,2025,,
,,2025,,
,,2025,,
Adeem the Artist,USA,2025,,
Ainsley Hamill,SCO,2025,,
Allan Olsen & Nyt Norlan,DK,2025,,
Avi Kaplan,USA,2025,,
Charles Wesley,USA,2025,,
Crowe Boys,USA,2025,,
Elephant Sessions,SCO,2025,,
Elias Rønnenfelt,DK,2025,,
Erik Koskinen,USA,2025,,
Dervish,IRL,2025,,
Evan Honer,USA,2025,,
Fantastic Negrito,USA,2025,,
Flook,IRL,2025,,
,ENG,2025,,
,UK,2025,,
Folk Baltica Ensemblet,DK,2025,,
,D,2025,,
Folkekons,DK,2025,,
Folkspot: Alain Apaloo,DK,2025,,
Folkspot: Elias Rønnenfelt,DK,2025,,
Folkspot: Stemmer i Voks,DK,2025,,
Folkspot: Sunbörn,DK,2025,,
Folkspot: Thorbjørn Risager & The Black Tornado,DK,2025,,
Folkspot: Trinelise Væring,DK,2025,,
Folkspot: Uld,NO,2025,,
Folkespot: VIIK,NO,2025,,
,DK,2024,,
Fællessang: Will the Circle Be Unbroken,NA,2025,,
Gaffa Talk: Crowe Boys,USA,2025,,
Gaffa Talk: Kellie Loder,CAN,2025,,
Gaffa Talk: Kolding Egnsteater,DK,2025,,
"Gentlemens Circle: Matt Andersen, John Smith, John Showman & Erik Koskinen",CAN,2025,,
,GB,2025,,
,USA,2025,,
Glimtvis,DK,2025,,
Greg Russell,ENG,2025,,
Hans Theessink Band,NL,2025,,
,ZW,2025,,
,A,2025,,
Hawktail,USA,2025,,
Ian Noe,USA,2025,,
Jamsession TBA,NA,2025,,
Jake Vadeland & The Surgeon River Boys,,2025,,
Jamsession: Dervish,IRL,2025,,
Jamsession: The Hello Darlins,CAN,2025,,
Jeffrey Foucault,USA,2025,,
Joe Henry,USA,2025,,
"Joe Henry, John Smith, Jeffrey Fourcault",USA,2025,,
,UK,2025,,
